Position	Entropy	Order
1	0.07355541518405871	Fagales
2	0.0	Fagales
3	0.13489799088152005	Fagales
4	0.0	Fagales
5	0.0	Fagales
6	0.3134763039620374	Fagales
7	0.06279363782779085	Fagales
8	0.10330605625414487	Fagales
9	0.0	Fagales
10	0.2613865506586829	Fagales
11	0.0	Fagales
12	0.03687013277109771	Fagales
13	0.08446581748366613	Fagales
14	0.2045649771671848	Fagales
15	0.0	Fagales
16	0.0	Fagales
17	0.22435911843998343	Fagales
18	0.17058659769931273	Fagales
19	0.0	Fagales
20	0.0	Fagales
21	0.14610862324355645	Fagales
22	0.03687013277109771	Fagales
23	0.0	Fagales
24	0.0	Fagales
25	0.3422462111299951	Fagales
26	0.12076764535302437	Fagales
27	0.0	Fagales
28	0.03687013277109771	Fagales
29	0.0	Fagales
30	0.2367113188634802	Fagales
31	0.3079410198420566	Fagales
32	0.03687013277109771	Fagales
33	0.08446581748366613	Fagales
34	0.0	Fagales
35	0.03687013277109771	Fagales
36	0.0	Fagales
37	0.0	Fagales
38	0.0	Fagales
39	0.0	Fagales
40	0.12076764535302437	Fagales
41	0.0	Fagales
42	0.14830052021127688	Fagales
43	0.1394088115009448	Fagales
44	2.000	Fagales
45	0.171253900218623	Fagales
46	0.17058659769931273	Fagales
47	0.19529776104846058	Fagales
48	0.0	Fagales
49	0.06279363782779085	Fagales
50	0.03687013277109771	Fagales
51	0.03687013277109771	Fagales
52	0.0	Fagales
53	0.08446581748366613	Fagales
54	0.3306801649625959	Fagales
55	0.2045649771671848	Fagales
56	0.0	Fagales
57	0.0	Fagales
58	0.03687013277109771	Fagales
59	0.0	Fagales
60	0.0	Fagales
61	0.17058659769931273	Fagales
62	0.0	Fagales
63	0.0	Fagales
64	0.0	Fagales
65	0.0	Fagales
66	0.0	Fagales
67	0.0	Fagales
68	0.0	Fagales
69	0.0	Fagales
70	0.06279363782779085	Fagales
71	0.0	Fagales
72	0.0	Fagales
73	0.03687013277109771	Fagales
74	0.0	Fagales
75	0.0	Fagales
76	0.0	Fagales
77	0.0	Fagales
78	0.0	Fagales
79	0.21063470803954704	Fagales
80	0.0	Fagales
81	0.06279363782779085	Fagales
82	0.08446581748366613	Fagales
83	0.06279363782779085	Fagales
84	0.03687013277109771	Fagales
85	0.18200706592024773	Fagales
86	0.0	Fagales
87	0.0	Fagales
88	0.08446581748366613	Fagales
89	0.06279363782779085	Fagales
90	0.0	Fagales
91	0.0	Fagales
92	0.0	Fagales
93	0.0	Fagales
94	0.03687013277109771	Fagales
95	0.03687013277109771	Fagales
96	0.07355541518405871	Fagales
97	0.08446581748366613	Fagales
98	0.247891723471386	Fagales
99	0.0	Fagales
100	0.30969397522751096	Fagales
101	0.0	Fagales
102	0.03687013277109771	Fagales
103	0.23030235525990128	Fagales
104	0.0	Fagales
105	0.03687013277109771	Fagales
106	0.03687013277109771	Fagales
107	0.0	Fagales
108	0.0	Fagales
109	0.0	Fagales
110	0.0	Fagales
111	0.0	Fagales
112	0.08446581748366613	Fagales
113	0.0	Fagales
114	0.0	Fagales
115	0.0	Fagales
116	0.03687013277109771	Fagales
117	0.0	Fagales
118	0.17058659769931273	Fagales
119	0.0	Fagales
120	0.0	Fagales
121	0.08446581748366613	Fagales
122	0.3075916303122573	Fagales
123	0.30825744202286187	Fagales
124	0.0	Fagales
125	0.03687013277109771	Fagales
126	0.0	Fagales
127	0.3079410198420566	Fagales
128	0.0	Fagales
129	0.29601471486315795	Fagales
130	0.0	Fagales
131	0.08446581748366613	Fagales
132	0.0	Fagales
133	0.18981427384877703	Fagales
134	0.0	Fagales
135	0.0	Fagales
136	0.06279363782779085	Fagales
137	0.06279363782779085	Fagales
138	0.0	Fagales
139	0.0	Fagales
140	0.03687013277109771	Fagales
141	0.0	Fagales
142	0.0	Fagales
143	0.0	Fagales
144	0.03687013277109771	Fagales
145	0.32653571365282097	Fagales
146	0.34197930729631454	Fagales
147	0.3161233258263524	Fagales
148	0.10330605625414487	Fagales
149	0.09928956045359022	Fagales
150	0.24240683608718824	Fagales
151	0.12076764535302437	Fagales
152	0.0	Fagales
153	0.03687013277109771	Fagales
154	0.0	Fagales
155	0.03687013277109771	Fagales
156	0.0	Fagales
157	0.374974206359706	Fagales
158	0.08446581748366613	Fagales
159	0.0	Fagales
160	0.13489799088152005	Fagales
161	0.08446581748366613	Fagales
162	0.03687013277109771	Fagales
163	0.0	Fagales
164	0.09928956045359022	Fagales
165	0.0	Fagales
166	0.0	Fagales
167	0.03687013277109771	Fagales
168	0.0	Fagales
169	0.03687013277109771	Fagales
170	0.19763868958454506	Fagales
171	0.3106657183604337	Fagales
172	0.38698770201305505	Fagales
173	0.22401222575203134	Fagales
174	0.0	Fagales
175	0.16093236621348053	Fagales
176	0.0	Fagales
177	0.33108747225426893	Fagales
178	0.0	Fagales
179	0.08446581748366613	Fagales
180	0.0	Fagales
181	0.0	Fagales
182	0.0	Fagales
183	0.0	Fagales
184	0.1927688432765156	Fagales
185	0.0	Fagales
186	0.06279363782779085	Fagales
187	0.0	Fagales
188	0.2503728464109829	Fagales
189	0.0	Fagales
190	0.0	Fagales
191	0.14830052021127688	Fagales
192	0.0	Fagales
193	0.0	Fagales
194	0.0	Fagales
195	0.0	Fagales
196	0.06279363782779085	Fagales
197	0.0	Fagales
198	0.0	Fagales
199	0.09928956045359022	Fagales
200	0.0	Fagales
201	0.171253900218623	Fagales
202	0.267103548901133	Fagales
203	0.0	Fagales
204	0.0	Fagales
205	0.10330605625414487	Fagales
206	0.03687013277109771	Fagales
207	0.03687013277109771	Fagales
208	0.30969397522751096	Fagales
209	0.12076764535302437	Fagales
210	0.06279363782779085	Fagales
211	0.0	Fagales
212	0.0	Fagales
213	0.08446581748366613	Fagales
214	0.0	Fagales
215	0.06279363782779085	Fagales
216	0.0	Fagales
217	0.2632492840379056	Fagales
218	0.14830052021127688	Fagales
219	0.0	Fagales
220	0.282897515396986	Fagales
221	0.0	Fagales
222	0.09928956045359022	Fagales
223	0.07355541518405871	Fagales
224	0.0	Fagales
225	0.08446581748366613	Fagales
226	0.22033351886699584	Fagales
227	0.3636455341107809	Fagales
228	0.0	Fagales
229	0.1854103406692368	Fagales
230	0.10330605625414487	Fagales
231	0.0	Fagales
232	0.03687013277109771	Fagales
233	0.0992895604535902	Fagales
234	0.0	Fagales
235	0.0	Fagales
236	0.12076764535302437	Fagales
237	0.0	Fagales
238	0.22088328137465255	Fagales
239	0.2613865506586829	Fagales
240	0.0	Fagales
241	0.0	Fagales
242	0.367993035267314	Fagales
243	0.0	Fagales
244	0.0	Fagales
245	0.0	Fagales
246	0.09928956045359022	Fagales
247	0.338112849365246	Fagales
248	0.0	Fagales
249	0.09928956045359022	Fagales
250	0.18981427384877703	Fagales
251	0.10330605625414487	Fagales
252	0.03687013277109771	Fagales
253	0.267103548901133	Fagales
254	0.0	Fagales
255	0.0	Fagales
256	0.3966063395737326	Fagales
257	0.08446581748366613	Fagales
258	0.22401222575203134	Fagales
259	0.0	Fagales
260	0.16718332295032365	Fagales
261	0.0	Fagales
262	0.3415810137544938	Fagales
263	0.0	Fagales
264	0.0	Fagales
265	0.18981427384877703	Fagales
266	0.384978176580402	Fagales
267	0.0	Fagales
268	0.12076764535302437	Fagales
269	0.0	Fagales
270	0.03687013277109771	Fagales
271	0.17058659769931273	Fagales
272	0.0	Fagales
273	0.22401222575203134	Fagales
274	0.0	Fagales
275	0.03687013277109771	Fagales
276	0.0	Fagales
277	0.08446581748366613	Fagales
278	0.0	Fagales
279	0.0	Fagales
280	0.267103548901133	Fagales
281	0.12076764535302437	Fagales
282	0.2291164194497492	Fagales
283	0.19763868958454506	Fagales
284	0.03687013277109771	Fagales
285	0.0	Fagales
286	0.0	Fagales
287	0.03687013277109771	Fagales
288	0.0	Fagales
289	0.0	Fagales
290	0.03687013277109771	Fagales
291	0.0	Fagales
292	0.0	Fagales
293	0.0	Fagales
294	0.03687013277109771	Fagales
295	0.06279363782779085	Fagales
296	0.0	Fagales
297	0.0	Fagales
298	0.0	Fagales
299	0.0	Fagales
300	0.0	Fagales
301	0.2917991867277909	Fagales
302	0.22401222575203134	Fagales
303	0.03687013277109771	Fagales
304	0.28951019271836054	Fagales
305	0.13559138832294845	Fagales
306	0.03687013277109771	Fagales
307	0.0	Fagales
308	0.0	Fagales
309	0.0	Fagales
310	0.0	Fagales
311	0.0	Fagales
312	0.0	Fagales
313	0.28192729187105714	Fagales
314	0.06279363782779085	Fagales
315	0.0	Fagales
316	0.0	Fagales
317	0.0	Fagales
318	0.0	Fagales
319	0.08446581748366613	Fagales
320	0.0	Fagales
321	0.0	Fagales
322	0.19763868958454506	Fagales
323	0.22401222575203134	Fagales
324	0.0	Fagales
325	0.0	Fagales
326	0.22401222575203134	Fagales
327	0.0	Fagales
328	0.10330605625414487	Fagales
329	0.0	Fagales
330	0.0	Fagales
331	0.0	Fagales
332	0.34197930729631454	Fagales
333	0.0	Fagales
334	0.03687013277109771	Fagales
335	0.0	Fagales
336	0.0	Fagales
337	0.03687013277109771	Fagales
338	0.267103548901133	Fagales
339	0.0	Fagales
340	0.0	Fagales
341	0.08446581748366613	Fagales
342	0.03687013277109771	Fagales
343	0.2028719297681163	Fagales
344	0.0	Fagales
345	0.03687013277109771	Fagales
346	0.0	Fagales
347	0.0	Fagales
348	0.0	Fagales
349	0.0	Fagales
350	0.0	Fagales
351	0.0	Fagales
352	0.08446581748366613	Fagales
353	0.0	Fagales
354	0.0	Fagales
355	0.0	Fagales
356	0.08446581748366613	Fagales
357	0.0	Fagales
358	0.03687013277109771	Fagales
359	0.16718332295032365	Fagales
360	0.0	Fagales
361	0.09928956045359022	Fagales
362	0.0	Fagales
363	0.0	Fagales
364	0.0	Fagales
365	0.2158280018197765	Fagales
366	0.23030235525990128	Fagales
367	0.3079410198420566	Fagales
368	0.0	Fagales
369	0.10330605625414487	Fagales
370	0.0	Fagales
371	0.03687013277109771	Fagales
372	0.0	Fagales
373	0.312969913229734	Fagales
374	0.03687013277109771	Fagales
375	0.0	Fagales
376	0.12076764535302437	Fagales
377	0.0	Fagales
378	0.0	Fagales
379	0.28192729187105714	Fagales
380	0.0	Fagales
381	0.06279363782779085	Fagales
382	0.12076764535302437	Fagales
383	0.0	Fagales
384	0.17058659769931273	Fagales
385	0.09928956045359022	Fagales
386	0.12482961096668058	Fagales
387	0.09928956045359022	Fagales
388	0.30969397522751096	Fagales
389	0.0	Fagales
390	0.275655687773253	Fagales
391	0.5090338365679643	Fagales
392	0.0	Fagales
393	0.2045649771671848	Fagales
394	0.08446581748366613	Fagales
395	0.1837734609166926	Fagales
396	0.0	Fagales
397	0.09928956045359022	Fagales
398	0.0	Fagales
399	0.0	Fagales
400	0.12482961096668058	Fagales
401	0.0	Fagales
402	0.13489799088152005	Fagales
403	0.2718134007277071	Fagales
404	0.250747884265628	Fagales
405	0.0	Fagales
406	0.267131274998978	Fagales
407	0.0	Fagales
408	0.0	Fagales
409	0.03687013277109771	Fagales
410	0.27439525056312086	Fagales
411	0.0	Fagales
412	0.32132673366051445	Fagales
413	0.0	Fagales
414	0.13489799088152005	Fagales
415	0.3295069866398132	Fagales
416	0.0	Fagales
417	0.0	Fagales
418	0.15588418061660503	Fagales
419	0.3257190311217414	Fagales
420	0.03687013277109771	Fagales
421	0.11998573793991375	Fagales
422	0.0	Fagales
423	0.0	Fagales
424	0.0	Fagales
425	0.08446581748366613	Fagales
426	0.08446581748366613	Fagales
427	0.0	Fagales
428	0.0	Fagales
429	0.0	Fagales
430	0.08446581748366613	Fagales
431	0.14610862324355645	Fagales
432	0.18981427384877703	Fagales
433	0.22435911843998343	Fagales
434	0.2535364532726705	Fagales
435	0.0	Fagales
436	0.06279363782779085	Fagales
437	0.03687013277109771	Fagales
438	0.27874841536209266	Fagales
439	0.36301997611247994	Fagales
440	0.0	Fagales
441	0.28551046643472855	Fagales
442	0.08446581748366613	Fagales
443	0.2028719297681163	Fagales
444	0.0	Fagales
445	0.16454547682136822	Fagales
446	0.22401222575203134	Fagales
447	0.03687013277109771	Fagales
448	0.22401222575203134	Fagales
449	0.03687013277109771	Fagales
450	0.03687013277109771	Fagales
451	0.0	Fagales
452	0.07355541518405871	Fagales
453	0.0	Fagales
454	0.0	Fagales
455	0.12076764535302437	Fagales
456	0.0	Fagales
457	0.1716941435697484	Fagales
458	0.23064844903779302	Fagales
459	0.03687013277109771	Fagales
460	0.33865775650686725	Fagales
461	0.09928956045359022	Fagales
462	0.2957597739047585	Fagales
463	0.22033351886699584	Fagales
464	0.03687013277109771	Fagales
465	0.06279363782779085	Fagales
466	0.03687013277109771	Fagales
467	0.3357077031985104	Fagales
468	0.0	Fagales
469	0.0	Fagales
470	0.0	Fagales
471	0.0	Fagales
472	0.2668562501699745	Fagales
473	0.22401222575203134	Fagales
474	0.31101854657102634	Fagales
475	0.0	Fagales
476	0.0	Fagales
477	0.0	Fagales
478	0.0	Fagales
479	0.22401222575203134	Fagales
480	0.0	Fagales
481	0.21588172567308933	Fagales
482	0.2870323512728441	Fagales
483	0.0	Fagales
484	0.08446581748366613	Fagales
485	0.03687013277109771	Fagales
486	0.03687013277109771	Fagales
487	0.3568030502662386	Fagales
488	0.0	Fagales
489	0.03687013277109771	Fagales
490	0.22033351886699584	Fagales
491	0.0	Fagales
492	0.0	Fagales
493	0.03687013277109771	Fagales
494	0.15588418061660503	Fagales
495	0.0	Fagales
496	0.2291164194497492	Fagales
497	0.0	Fagales
498	0.08446581748366613	Fagales
499	0.267103548901133	Fagales
500	0.18981427384877703	Fagales
501	0.0	Fagales
502	0.0	Fagales
503	0.23985040597191448	Fagales
504	0.0	Fagales
505	0.0	Fagales
506	0.0	Fagales
507	0.0	Fagales
508	0.14610862324355645	Fagales
509	0.0	Fagales
510	0.06279363782779085	Fagales
511	0.0	Fagales
512	0.0	Fagales
513	0.2934488999128077	Fagales
514	0.0	Fagales
515	0.03687013277109771	Fagales
516	0.0	Fagales
517	0.19529776104846058	Fagales
518	0.03687013277109771	Fagales
519	0.0	Fagales
520	0.18981427384877703	Fagales
521	0.38084686333826023	Fagales
522	0.2934488999128077	Fagales
523	0.30471768526819	Fagales
524	0.18981427384877703	Fagales
525	0.27874841536209266	Fagales
526	0.18981427384877703	Fagales
527	0.0	Fagales
528	0.0	Fagales
529	0.2960147148631579	Fagales
530	0.06279363782779085	Fagales
531	0.06279363782779085	Fagales
532	0.2870323512728441	Fagales
533	0.0	Fagales
534	0.2931172768721325	Fagales
535	0.2931172768721325	Fagales
536	0.0	Fagales
537	0.2291164194497492	Fagales
538	0.03687013277109771	Fagales
539	0.30087137521162083	Fagales
540	0.0	Fagales
541	0.08446581748366613	Fagales
542	0.0	Fagales
543	0.0	Fagales
544	0.0	Fagales
545	0.30969397522751096	Fagales
546	0.3224876247241122	Fagales
547	0.0	Fagales
548	0.0	Fagales
549	0.0	Fagales
550	0.20605953840472846	Fagales
551	0.06279363782779085	Fagales
552	0.0	Fagales
553	0.16037458285070155	Fagales
554	0.0	Fagales
555	0.0	Fagales
556	0.16037458285070155	Fagales
557	0.0	Fagales
558	0.23030235525990128	Fagales
559	0.0	Fagales
560	0.0	Fagales
561	0.0	Fagales
562	0.0	Fagales
563	0.0	Fagales
564	0.0	Fagales
565	0.08446581748366613	Fagales
566	0.0	Fagales
567	0.3003342094046526	Fagales
568	0.03687013277109771	Fagales
569	0.03687013277109771	Fagales
570	0.18981427384877703	Fagales
571	0.08446581748366613	Fagales
572	0.08446581748366613	Fagales
573	0.0	Fagales
574	0.13489799088152005	Fagales
575	0.247891723471386	Fagales
576	0.0	Fagales
577	0.22088328137465252	Fagales
578	0.10330605625414487	Fagales
579	0.0	Fagales
580	0.0	Fagales
581	0.0	Fagales
582	0.0	Fagales
583	0.0	Fagales
584	0.0	Fagales
585	0.2291164194497492	Fagales
586	0.0	Fagales
587	0.03687013277109771	Fagales
588	0.0	Fagales
589	0.0	Fagales
590	0.0	Fagales
591	0.0	Fagales
592	0.2069338953817725	Fagales
593	0.06279363782779085	Fagales
594	0.03687013277109771	Fagales
595	0.2934488999128077	Fagales
596	0.12076764535302437	Fagales
597	0.08446581748366613	Fagales
598	0.08446581748366613	Fagales
599	0.0	Fagales
600	0.4289856281153095	Fagales
601	0.0	Fagales
602	0.0	Fagales
603	0.2595290555188572	Fagales
604	0.0	Fagales
605	0.0	Fagales
606	0.0	Fagales
607	0.10330605625414487	Fagales
608	0.0	Fagales
609	0.0	Fagales
610	0.0	Fagales
611	0.03687013277109771	Fagales
612	0.06279363782779085	Fagales
613	0.2825751780839749	Fagales
614	0.0	Fagales
615	0.0	Fagales
616	0.2834097861127413	Fagales
617	0.03687013277109771	Fagales
618	0.08446581748366613	Fagales
619	0.0	Fagales
620	0.03687013277109771	Fagales
621	0.0	Fagales
622	0.16718332295032365	Fagales
623	0.0	Fagales
624	0.03687013277109771	Fagales
625	0.06279363782779085	Fagales
626	0.11998573793991375	Fagales
627	0.0	Fagales
628	0.13559138832294845	Fagales
629	0.0	Fagales
630	0.22435911843998343	Fagales
631	0.03687013277109771	Fagales
632	0.0	Fagales
633	0.0	Fagales
634	0.0	Fagales
635	0.0	Fagales
636	0.0	Fagales
637	0.16718332295032365	Fagales
638	0.0	Fagales
639	0.2291164194497492	Fagales
640	0.0	Fagales
641	0.0	Fagales
642	0.16718332295032365	Fagales
643	0.03687013277109771	Fagales
644	0.25908170847246137	Fagales
645	0.247891723471386	Fagales
646	0.0	Fagales
647	0.0	Fagales
648	0.2291164194497492	Fagales
649	0.0	Fagales
650	0.0	Fagales
651	0.0	Fagales
652	0.0	Fagales
653	0.0	Fagales
654	0.0	Fagales
655	0.11998573793991375	Fagales
656	0.0	Fagales
657	0.0	Fagales
658	0.0	Fagales
659	0.2291164194497492	Fagales
660	0.0	Fagales
661	0.0	Fagales
662	0.0	Fagales
663	0.12076764535302437	Fagales
664	0.08446581748366613	Fagales
665	0.07355541518405871	Fagales
666	0.07355541518405871	Fagales
667	0.0	Fagales
668	0.2291164194497492	Fagales
669	0.16037458285070155	Fagales
670	0.15588418061660506	Fagales
671	0.22033351886699584	Fagales
672	0.0	Fagales
673	0.3295069866398132	Fagales
674	0.2900004405227097	Fagales
675	0.0	Fagales
676	0.2741509463561824	Fagales
677	0.09928956045359022	Fagales
678	0.0	Fagales
679	0.0	Fagales
680	0.0	Fagales
681	0.0	Fagales
682	0.03687013277109771	Fagales
683	0.0	Fagales
684	0.2045649771671848	Fagales
685	0.0	Fagales
686	0.0	Fagales
687	0.08446581748366613	Fagales
688	0.08446581748366613	Fagales
689	0.18981427384877703	Fagales
690	0.0	Fagales
691	0.08446581748366613	Fagales
692	0.15588418061660503	Fagales
693	0.0	Fagales
694	0.10330605625414487	Fagales
695	0.3415810137544938	Fagales
696	0.0	Fagales
697	0.03687013277109771	Fagales
698	0.3082726428827318	Fagales
699	0.0	Fagales
700	0.34259825976799385	Fagales
701	0.07355541518405871	Fagales
702	0.03687013277109771	Fagales
703	0.0	Fagales
704	0.0	Fagales
705	0.0	Fagales
706	0.10330605625414487	Fagales
707	0.0	Fagales
708	0.0	Fagales
709	0.0	Fagales
710	0.12076764535302437	Fagales
711	0.0	Fagales
712	0.03687013277109771	Fagales
713	0.0	Fagales
714	0.0	Fagales
715	0.03687013277109771	Fagales
716	0.1927688432765156	Fagales
717	0.08446581748366613	Fagales
718	0.22401222575203134	Fagales
719	0.03687013277109771	Fagales
720	0.03687013277109771	Fagales
721	0.03687013277109771	Fagales
722	0.3350566889933085	Fagales
723	0.0	Fagales
724	0.0	Fagales
725	0.16718332295032365	Fagales
726	0.0	Fagales
727	0.0	Fagales
728	0.10330605625414487	Fagales
729	0.0	Fagales
730	0.0	Fagales
731	0.0	Fagales
732	0.18981427384877703	Fagales
733	0.0	Fagales
734	0.03687013277109771	Fagales
735	0.0	Fagales
736	0.09928956045359022	Fagales
737	0.0	Fagales
738	0.03687013277109771	Fagales
739	0.18104052455946307	Fagales
740	0.30969397522751096	Fagales
741	0.0	Fagales
742	0.0	Fagales
743	0.0	Fagales
744	0.1753072541776361	Fagales
745	0.18104052455946307	Fagales
746	0.06279363782779085	Fagales
747	0.0	Fagales
748	0.27390545144238543	Fagales
749	0.0	Fagales
750	0.312969913229734	Fagales
751	0.0	Fagales
752	0.14610862324355645	Fagales
753	0.03687013277109771	Fagales
754	0.0	Fagales
755	0.0	Fagales
756	0.2934488999128077	Fagales
757	0.03687013277109771	Fagales
758	0.0	Fagales
759	0.0	Fagales
1	0.2183957704227073	Rosales
2	0.0	Rosales
3	0.0	Rosales
4	0.3213078236045825	Rosales
5	0.0	Rosales
6	0.07467892843455783	Rosales
7	0.0	Rosales
8	0.04429348443826494	Rosales
9	0.0	Rosales
10	0.33254657425519835	Rosales
11	0.14299262879882163	Rosales
12	0.04429348443826494	Rosales
13	0.04429348443826494	Rosales
14	0.148129820604328	Rosales
15	0.04429348443826494	Rosales
16	0.07467892843455783	Rosales
17	0.3175812227520757	Rosales
18	0.3433915980531654	Rosales
19	0.0	Rosales
20	0.0	Rosales
21	0.3621392729857164	Rosales
22	0.07467892843455783	Rosales
23	0.18212394304579077	Rosales
24	0.0	Rosales
25	0.07467892843455783	Rosales
26	0.0	Rosales
27	0.0	Rosales
28	0.14299262879882163	Rosales
29	0.06882859741956032	Rosales
30	0.277301434295199	Rosales
31	0.34166222744133296	Rosales
32	2.000	Rosales
33	0.3027561893096501	Rosales
34	0.16174030373137266	Rosales
35	0.0	Rosales
36	0.04429348443826494	Rosales
37	0.0	Rosales
38	0.0	Rosales
39	0.0	Rosales
40	0.0	Rosales
41	0.23080035680119568	Rosales
42	0.16972469532207335	Rosales
43	0.0	Rosales
44	0.26133819795442254	Rosales
45	0.0	Rosales
46	0.13197847972106944	Rosales
47	0.12090885435023871	Rosales
48	2.000	Rosales
49	0.14299262879882163	Rosales
50	0.3622580194006264	Rosales
51	0.0	Rosales
52	0.11836799659402478	Rosales
53	0.0	Rosales
54	0.0	Rosales
55	0.0	Rosales
56	0.19291503442571606	Rosales
57	0.3763710902908751	Rosales
58	0.3552973477946674	Rosales
59	0.17535078685841732	Rosales
60	0.04429348443826494	Rosales
61	0.0	Rosales
62	0.459194050306228	Rosales
63	0.0	Rosales
64	0.3575145544477688	Rosales
65	0.0	Rosales
66	0.0	Rosales
67	0.0882894115616025	Rosales
68	0.0	Rosales
69	0.0	Rosales
70	0.04429348443826494	Rosales
71	0.0	Rosales
72	0.0882894115616025	Rosales
73	0.0	Rosales
74	0.04429348443826494	Rosales
75	0.0	Rosales
76	0.0	Rosales
77	0.0	Rosales
78	0.19304972335663034	Rosales
79	0.0	Rosales
80	0.0	Rosales
81	0.11836799659402478	Rosales
82	0.31042442961960637	Rosales
83	0.0	Rosales
84	0.07467892843455783	Rosales
85	0.0	Rosales
86	0.0	Rosales
87	0.0	Rosales
88	0.04429348443826494	Rosales
89	0.0	Rosales
90	0.0	Rosales
91	0.3416622274413329	Rosales
92	0.1393893625285188	Rosales
93	0.0	Rosales
94	0.0	Rosales
95	0.07467892843455783	Rosales
96	0.0	Rosales
97	0.0	Rosales
98	0.04429348443826494	Rosales
99	0.0	Rosales
100	0.04429348443826494	Rosales
101	0.39072811108596944	Rosales
102	0.0	Rosales
103	0.3877551875879499	Rosales
104	0.0	Rosales
105	0.04429348443826494	Rosales
106	0.2430323980154412	Rosales
107	0.0	Rosales
108	0.26752580288608074	Rosales
109	0.0	Rosales
110	0.07467892843455783	Rosales
111	0.0	Rosales
112	0.3027561893096501	Rosales
113	0.0	Rosales
114	0.0	Rosales
115	0.23413645631722757	Rosales
116	0.0882894115616025	Rosales
117	0.04429348443826494	Rosales
118	0.04429348443826494	Rosales
119	0.11836799659402478	Rosales
120	0.04429348443826494	Rosales
121	0.4857858864900198	Rosales
122	0.0	Rosales
123	0.04429348443826494	Rosales
124	0.12090885435023871	Rosales
125	0.49864760906272365	Rosales
126	0.22373818525875439	Rosales
127	0.04429348443826494	Rosales
128	0.0	Rosales
129	0.04429348443826494	Rosales
130	0.23874147799689965	Rosales
131	0.0	Rosales
132	0.346778391560357	Rosales
133	0.0	Rosales
134	0.28689127375348594	Rosales
135	0.0	Rosales
136	0.0	Rosales
137	0.18209573109766514	Rosales
138	0.04429348443826494	Rosales
139	0.09962032166147372	Rosales
140	0.13197847972106944	Rosales
141	0.0	Rosales
142	0.04429348443826494	Rosales
143	0.04429348443826494	Rosales
144	0.04429348443826494	Rosales
145	0.34736561320038567	Rosales
146	0.14299262879882163	Rosales
147	0.0	Rosales
148	0.12090885435023871	Rosales
149	0.4195224547536252	Rosales
150	0.11836799659402478	Rosales
151	0.16174030373137266	Rosales
152	0.3416622274413329	Rosales
153	0.4514387378196512	Rosales
154	0.22373818525875439	Rosales
155	0.0	Rosales
156	0.04429348443826494	Rosales
157	0.18212394304579077	Rosales
158	0.07467892843455783	Rosales
159	0.0	Rosales
160	0.14299262879882163	Rosales
161	0.1393893625285188	Rosales
162	0.0	Rosales
163	0.15555437349152823	Rosales
164	0.0	Rosales
165	0.0	Rosales
166	0.0	Rosales
167	0.09962032166147372	Rosales
168	0.0	Rosales
169	0.148129820604328	Rosales
170	0.0	Rosales
171	0.0	Rosales
172	0.16395383791452867	Rosales
173	0.4691168540559357	Rosales
174	0.20222017325120153	Rosales
175	0.4859637549653254	Rosales
176	0.20222017325120153	Rosales
177	0.44137451915946596	Rosales
178	0.3795983288963517	Rosales
179	0.0	Rosales
180	0.3621392729857164	Rosales
181	0.21013268322858894	Rosales
182	0.2807334244511352	Rosales
183	0.0	Rosales
184	0.04429348443826494	Rosales
185	0.21013268322858894	Rosales
186	0.0	Rosales
187	0.23388117273776426	Rosales
188	0.0	Rosales
189	0.21013268322858894	Rosales
190	0.04429348443826494	Rosales
191	0.2749486810814672	Rosales
192	0.0	Rosales
193	0.3900201510294827	Rosales
194	0.342782587679202	Rosales
195	0.21013268322858894	Rosales
196	0.34610113727015335	Rosales
197	0.206660206483675	Rosales
198	0.2430323980154412	Rosales
199	0.04429348443826494	Rosales
200	0.04429348443826494	Rosales
201	0.0	Rosales
202	0.39834600382890273	Rosales
203	0.0	Rosales
204	0.21665770354831676	Rosales
205	0.0882894115616025	Rosales
206	0.0	Rosales
207	0.0	Rosales
208	0.2749486810814672	Rosales
209	0.3532947049445976	Rosales
210	0.04429348443826494	Rosales
211	0.24749165586480892	Rosales
212	0.0	Rosales
213	0.2354053784808678	Rosales
214	0.0	Rosales
215	0.0	Rosales
216	0.0	Rosales
217	0.0	Rosales
218	0.04429348443826494	Rosales
219	0.0	Rosales
220	0.04429348443826494	Rosales
221	0.5222286527279072	Rosales
222	0.0	Rosales
223	0.3937603875291275	Rosales
224	0.2649596071502659	Rosales
225	0.19791002861576573	Rosales
226	0.39412615432573156	Rosales
227	0.0	Rosales
228	0.07467892843455783	Rosales
229	0.09962032166147372	Rosales
230	0.36238566119035803	Rosales
231	0.0	Rosales
232	0.30605714159431696	Rosales
233	0.0	Rosales
234	0.04429348443826494	Rosales
235	0.4681711603450661	Rosales
236	0.11836799659402478	Rosales
237	0.04429348443826494	Rosales
238	0.21013268322858894	Rosales
239	0.43629324746604914	Rosales
240	0.0	Rosales
241	0.04429348443826494	Rosales
242	0.0	Rosales
243	0.0	Rosales
244	0.2994810993836862	Rosales
245	0.16395383791452867	Rosales
246	0.0	Rosales
247	0.16174030373137266	Rosales
248	0.1724271292360669	Rosales
249	0.16174030373137266	Rosales
250	0.657340033499053	Rosales
251	0.0	Rosales
252	0.35373770334182025	Rosales
253	0.1393893625285188	Rosales
254	0.04429348443826494	Rosales
255	0.0	Rosales
256	0.2975696633374798	Rosales
257	0.0	Rosales
258	0.0	Rosales
259	0.09962032166147372	Rosales
260	0.0	Rosales
261	0.0	Rosales
262	0.0	Rosales
263	0.3900201510294827	Rosales
264	0.0	Rosales
265	0.19291503442571606	Rosales
266	0.18603761236311156	Rosales
267	0.0	Rosales
268	0.04429348443826494	Rosales
269	0.13197847972106944	Rosales
270	0.0	Rosales
271	0.14299262879882163	Rosales
272	0.0	Rosales
273	0.04429348443826494	Rosales
274	0.3881970625815196	Rosales
275	0.0	Rosales
276	0.24901586160791245	Rosales
277	0.0	Rosales
278	0.04429348443826494	Rosales
279	0.04429348443826494	Rosales
280	0.04429348443826494	Rosales
281	0.04429348443826494	Rosales
282	0.0	Rosales
283	0.16174030373137266	Rosales
284	0.0	Rosales
285	0.14299262879882163	Rosales
286	0.0	Rosales
287	0.2287439809322579	Rosales
288	0.0	Rosales
289	0.29045671271549933	Rosales
290	0.04429348443826494	Rosales
291	0.0	Rosales
292	0.04429348443826494	Rosales
293	0.16174030373137266	Rosales
294	0.0	Rosales
295	0.12090885435023871	Rosales
296	0.18212394304579077	Rosales
297	0.0	Rosales
298	0.3943922393886487	Rosales
299	0.0	Rosales
300	0.0882894115616025	Rosales
301	0.04429348443826494	Rosales
302	0.14299262879882163	Rosales
303	0.0	Rosales
304	0.17535078685841732	Rosales
305	0.148129820604328	Rosales
306	0.07467892843455783	Rosales
307	0.20222017325120153	Rosales
308	0.04429348443826494	Rosales
309	0.2430323980154412	Rosales
310	0.20222017325120153	Rosales
311	0.16174030373137266	Rosales
312	0.04429348443826494	Rosales
313	0.07467892843455783	Rosales
314	0.0	Rosales
315	0.0	Rosales
316	0.16174030373137266	Rosales
317	0.17242712923606693	Rosales
318	0.0	Rosales
319	0.04429348443826494	Rosales
320	0.18212394304579077	Rosales
321	0.04429348443826494	Rosales
322	0.04429348443826494	Rosales
323	0.0	Rosales
324	0.0882894115616025	Rosales
325	0.0	Rosales
326	0.11836799659402478	Rosales
327	0.0	Rosales
328	0.2117166417763089	Rosales
329	0.0	Rosales
330	0.0	Rosales
331	0.0882894115616025	Rosales
332	0.0	Rosales
333	0.11836799659402478	Rosales
334	0.0	Rosales
335	0.30544312346192315	Rosales
336	0.0	Rosales
337	0.18603761236311156	Rosales
338	0.0	Rosales
339	0.0	Rosales
340	0.0	Rosales
341	0.0882894115616025	Rosales
342	0.0	Rosales
343	0.0	Rosales
344	0.16174030373137266	Rosales
345	0.25051790869632645	Rosales
346	0.45482676228093866	Rosales
347	0.0	Rosales
348	0.2505179086963264	Rosales
349	0.0	Rosales
350	0.09962032166147372	Rosales
351	0.0	Rosales
352	0.09962032166147372	Rosales
353	0.04429348443826494	Rosales
354	0.0	Rosales
355	0.04429348443826494	Rosales
356	0.07467892843455783	Rosales
357	0.0	Rosales
358	0.0	Rosales
359	0.3575145544477688	Rosales
360	0.0	Rosales
361	0.11836799659402478	Rosales
362	0.0	Rosales
363	0.0	Rosales
364	0.04429348443826494	Rosales
365	0.0	Rosales
366	0.04429348443826494	Rosales
367	0.22615318813017987	Rosales
368	0.18603761236311156	Rosales
369	0.16174030373137266	Rosales
370	0.5912454354027337	Rosales
371	0.07467892843455783	Rosales
372	0.2505179086963264	Rosales
373	0.0	Rosales
374	0.0	Rosales
375	0.0	Rosales
376	0.0	Rosales
377	0.0	Rosales
378	0.0	Rosales
379	0.13197847972106944	Rosales
380	0.0	Rosales
381	0.0	Rosales
382	0.3030063725854279	Rosales
383	0.0	Rosales
384	0.0	Rosales
385	0.04429348443826494	Rosales
386	0.5010812852628826	Rosales
387	0.07467892843455783	Rosales
388	0.2117166417763089	Rosales
389	0.2287439809322579	Rosales
390	0.07467892843455783	Rosales
391	0.206660206483675	Rosales
392	0.0	Rosales
393	0.0882894115616025	Rosales
394	0.2858706162566416	Rosales
395	0.0	Rosales
396	0.148129820604328	Rosales
397	0.11836799659402478	Rosales
398	0.0	Rosales
399	0.0	Rosales
400	0.04429348443826494	Rosales
401	0.0	Rosales
402	0.0	Rosales
403	0.2749486810814672	Rosales
404	0.0	Rosales
405	0.04429348443826494	Rosales
406	0.16972469532207335	Rosales
407	0.148129820604328	Rosales
408	0.04429348443826494	Rosales
409	0.2528328495490935	Rosales
410	0.14299262879882163	Rosales
411	0.0	Rosales
412	0.21665770354831676	Rosales
413	0.14299262879882163	Rosales
414	0.22906276315162058	Rosales
415	0.14299262879882163	Rosales
416	0.30083077806019903	Rosales
417	0.25748915292945074	Rosales
418	0.0882894115616025	Rosales
419	0.0	Rosales
420	0.07467892843455783	Rosales
421	0.23080035680119568	Rosales
422	0.36238566119035803	Rosales
423	0.0	Rosales
424	0.07467892843455783	Rosales
425	0.04429348443826494	Rosales
426	0.0	Rosales
427	0.0	Rosales
428	0.04429348443826494	Rosales
429	0.0882894115616025	Rosales
430	0.04429348443826494	Rosales
431	0.04429348443826494	Rosales
432	0.0	Rosales
433	0.12090885435023871	Rosales
434	0.25361564238092316	Rosales
435	0.0	Rosales
436	0.5884508926139583	Rosales
437	0.21513349780521324	Rosales
438	0.0	Rosales
439	0.20478528729566264	Rosales
440	0.0	Rosales
441	0.3900201510294826	Rosales
442	0.5311438190430152	Rosales
443	0.0	Rosales
444	0.04429348443826494	Rosales
445	0.0	Rosales
446	0.0	Rosales
447	0.19291503442571606	Rosales
448	0.2975696633374798	Rosales
449	0.0	Rosales
450	0.04429348443826494	Rosales
451	0.0	Rosales
452	0.19117480416861798	Rosales
453	0.206660206483675	Rosales
454	0.09962032166147372	Rosales
455	0.07467892843455783	Rosales
456	0.0	Rosales
457	0.16174030373137266	Rosales
458	0.04429348443826494	Rosales
459	0.0	Rosales
460	0.16395383791452867	Rosales
461	0.4724529535719676	Rosales
462	0.2167244251438602	Rosales
463	0.45130068589895533	Rosales
464	0.3030063725854279	Rosales
465	0.5926237173798615	Rosales
466	0.11836799659402478	Rosales
467	0.0	Rosales
468	0.0	Rosales
469	0.07467892843455783	Rosales
470	0.28094182275373936	Rosales
471	0.0	Rosales
472	0.45612403585311323	Rosales
473	0.0	Rosales
474	0.0	Rosales
475	0.04429348443826494	Rosales
476	0.07467892843455783	Rosales
477	0.0	Rosales
478	0.0882894115616025	Rosales
479	0.12090885435023871	Rosales
480	0.0	Rosales
481	0.3297811149261207	Rosales
482	0.16174030373137266	Rosales
483	0.0	Rosales
484	0.0882894115616025	Rosales
485	0.4514508462102971	Rosales
486	0.0	Rosales
487	0.3978842245525037	Rosales
488	0.0	Rosales
489	0.18209573109766514	Rosales
490	0.04429348443826494	Rosales
491	0.0	Rosales
492	0.3005017568805306	Rosales
493	0.0	Rosales
494	0.0	Rosales
495	0.0	Rosales
496	0.14299262879882163	Rosales
497	0.07467892843455783	Rosales
498	0.0	Rosales
499	0.0	Rosales
500	0.12090885435023871	Rosales
501	0.04429348443826494	Rosales
502	0.12090885435023871	Rosales
503	0.18212394304579077	Rosales
504	0.04429348443826494	Rosales
505	0.12090885435023871	Rosales
506	0.38789695369089044	Rosales
507	0.0	Rosales
508	0.0	Rosales
509	0.0	Rosales
510	0.0	Rosales
511	0.04429348443826494	Rosales
512	0.0	Rosales
513	0.2505179086963264	Rosales
514	0.29171512487406437	Rosales
515	0.0	Rosales
516	0.04429348443826494	Rosales
517	0.04429348443826494	Rosales
518	0.0882894115616025	Rosales
519	0.0	Rosales
520	0.2858706162566416	Rosales
521	0.0	Rosales
522	0.0	Rosales
523	0.0882894115616025	Rosales
524	0.330469378124332	Rosales
525	0.3453992619926718	Rosales
526	0.1393893625285188	Rosales
527	0.19291503442571606	Rosales
528	0.0	Rosales
529	0.04429348443826494	Rosales
530	0.21013268322858894	Rosales
531	0.0	Rosales
532	0.18212394304579077	Rosales
533	0.5056665102101682	Rosales
534	0.0	Rosales
535	0.3632716340637885	Rosales
536	0.0	Rosales
537	0.14299262879882163	Rosales
538	0.3137988993226473	Rosales
539	0.0	Rosales
540	0.12090885435023871	Rosales
541	0.12090885435023871	Rosales
542	0.3278748309799827	Rosales
543	0.0	Rosales
544	0.0	Rosales
545	0.04429348443826494	Rosales
546	0.0	Rosales
547	0.16972469532207335	Rosales
548	0.46288765342109467	Rosales
549	0.25666322916303314	Rosales
550	0.0	Rosales
551	0.07467892843455783	Rosales
552	0.0	Rosales
553	0.04429348443826494	Rosales
554	0.24387866980240608	Rosales
555	0.0	Rosales
556	0.04429348443826494	Rosales
557	0.2183957704227073	Rosales
558	0.04429348443826494	Rosales
559	0.16174030373137266	Rosales
560	0.0	Rosales
561	0.30083077806019903	Rosales
562	0.2651331976548164	Rosales
563	0.0	Rosales
564	0.0	Rosales
565	0.16972469532207335	Rosales
566	0.04429348443826494	Rosales
567	0.0	Rosales
568	0.15555437349152823	Rosales
569	0.0	Rosales
570	0.0	Rosales
571	0.3030063725854279	Rosales
572	0.04429348443826494	Rosales
573	0.0882894115616025	Rosales
574	0.14299262879882163	Rosales
575	0.3514700391184019	Rosales
576	0.11836799659402478	Rosales
577	0.27623682786200177	Rosales
578	0.07467892843455783	Rosales
579	0.0	Rosales
580	0.04429348443826494	Rosales
581	0.11836799659402478	Rosales
582	0.14299262879882163	Rosales
583	0.0	Rosales
584	0.04429348443826494	Rosales
585	0.0	Rosales
586	0.0	Rosales
587	0.0	Rosales
588	0.38562000274016084	Rosales
589	0.07467892843455783	Rosales
590	0.0	Rosales
591	0.0	Rosales
592	0.2167244251438602	Rosales
593	0.0	Rosales
594	0.0882894115616025	Rosales
595	0.0882894115616025	Rosales
596	0.16972469532207335	Rosales
597	0.21513349780521326	Rosales
598	0.2430323980154412	Rosales
599	0.14299262879882163	Rosales
600	0.41248010240563376	Rosales
601	0.19117480416861796	Rosales
602	0.26152174735589406	Rosales
603	0.11836799659402478	Rosales
604	0.16395383791452867	Rosales
605	0.0	Rosales
606	0.04429348443826494	Rosales
607	0.0	Rosales
608	0.0	Rosales
609	0.0	Rosales
610	0.1393893625285188	Rosales
611	0.0	Rosales
612	0.25748915292945074	Rosales
613	0.0	Rosales
614	0.19117480416861798	Rosales
615	0.07467892843455783	Rosales
616	0.3570738028578521	Rosales
617	0.0	Rosales
618	0.3215038642422012	Rosales
619	0.14299262879882163	Rosales
620	0.0	Rosales
621	0.11836799659402478	Rosales
622	0.0	Rosales
623	0.0	Rosales
624	0.0	Rosales
625	0.2430323980154412	Rosales
626	0.0	Rosales
627	0.14299262879882163	Rosales
628	0.0	Rosales
629	0.0	Rosales
630	0.04429348443826494	Rosales
631	0.2621941478211883	Rosales
632	0.04429348443826494	Rosales
633	0.0	Rosales
634	0.04429348443826494	Rosales
635	0.0	Rosales
636	0.0	Rosales
637	0.0	Rosales
638	0.16395383791452867	Rosales
639	0.09962032166147372	Rosales
640	0.19291503442571606	Rosales
641	0.04429348443826494	Rosales
642	0.37637109029087507	Rosales
643	0.0	Rosales
644	0.0	Rosales
645	0.44856808683391014	Rosales
646	0.32244018468265456	Rosales
647	0.19291503442571606	Rosales
648	0.14299262879882163	Rosales
649	0.11836799659402478	Rosales
650	0.0	Rosales
651	0.28689127375348594	Rosales
652	0.0	Rosales
653	0.0	Rosales
654	0.2975696633374798	Rosales
655	0.0	Rosales
656	0.23413645631722757	Rosales
657	0.04429348443826494	Rosales
658	0.04429348443826494	Rosales
659	0.0	Rosales
660	0.16395383791452867	Rosales
661	0.0	Rosales
662	0.1393893625285188	Rosales
663	0.0	Rosales
664	0.09962032166147372	Rosales
665	0.0	Rosales
666	0.23080035680119568	Rosales
667	0.280922598136845	Rosales
668	0.2505179086963264	Rosales
669	0.2749486810814672	Rosales
670	0.04429348443826494	Rosales
671	0.390846258723836	Rosales
672	0.07467892843455783	Rosales
673	0.14299262879882163	Rosales
674	0.4006110982810674	Rosales
675	0.09962032166147372	Rosales
676	0.0882894115616025	Rosales
677	0.46064356273439744	Rosales
678	0.16395383791452867	Rosales
679	0.0	Rosales
680	0.14299262879882163	Rosales
681	0.0	Rosales
682	0.04429348443826494	Rosales
683	0.0	Rosales
684	0.0	Rosales
685	0.16395383791452867	Rosales
686	0.0	Rosales
687	0.28665340908847126	Rosales
688	0.07467892843455783	Rosales
689	0.13197847972106944	Rosales
690	0.0	Rosales
691	0.2117166417763089	Rosales
692	0.23080035680119568	Rosales
693	0.12090885435023871	Rosales
694	0.0	Rosales
695	0.22445138622190264	Rosales
696	0.0882894115616025	Rosales
697	0.3974622538417634	Rosales
698	0.13197847972106944	Rosales
699	0.07467892843455783	Rosales
700	0.0	Rosales
701	0.0	Rosales
702	0.0	Rosales
703	0.17535078685841732	Rosales
704	0.0	Rosales
705	0.04429348443826494	Rosales
706	0.0	Rosales
707	0.0	Rosales
708	0.0	Rosales
709	0.14299262879882163	Rosales
710	0.0	Rosales
711	0.4263720210945741	Rosales
712	0.0	Rosales
713	0.3316539288932373	Rosales
714	0.0	Rosales
715	0.42197519563500735	Rosales
716	0.04429348443826494	Rosales
717	0.12090885435023871	Rosales
718	0.16174030373137266	Rosales
719	0.29099826944275586	Rosales
720	0.09962032166147372	Rosales
721	0.34328640639650193	Rosales
722	0.04429348443826494	Rosales
723	0.4433032532386721	Rosales
724	0.18212394304579077	Rosales
725	2.000	Rosales
726	0.2651331976548164	Rosales
727	0.0	Rosales
728	0.04429348443826494	Rosales
729	0.0	Rosales
730	0.0	Rosales
731	0.0	Rosales
732	0.19291503442571606	Rosales
733	0.0	Rosales
734	0.09962032166147372	Rosales
735	0.0	Rosales
736	0.278180117766933	Rosales
737	0.0	Rosales
738	0.30172342342216	Rosales
739	0.0	Rosales
740	0.2505179086963264	Rosales
741	0.09962032166147372	Rosales
742	0.0	Rosales
743	0.22445138622190258	Rosales
744	0.2749486810814672	Rosales
745	0.04429348443826494	Rosales
746	0.2834176234831786	Rosales
747	0.0	Rosales
748	0.25666322916303314	Rosales
749	0.4260905855326784	Rosales
750	0.3570527751713698	Rosales
751	0.0882894115616025	Rosales
752	0.30974594437530695	Rosales
753	0.0	Rosales
754	0.0	Rosales
755	0.04429348443826494	Rosales
756	0.38113333612290906	Rosales
757	0.0	Rosales
758	0.0	Rosales
759	0.11836799659402478	Rosales
760	0.09962032166147372	Rosales
761	0.0	Rosales
762	0.0	Rosales
763	0.0	Rosales
1	0.32146668030778897	Brassicales
2	2.000	Brassicales
3	0.1314411729790645	Brassicales
4	0.3481396138945022	Brassicales
5	0.18149179448661484	Brassicales
6	0.0	Brassicales
7	0.18575135803635345	Brassicales
8	0.08225251016448586	Brassicales
9	0.0	Brassicales
10	0.0	Brassicales
11	0.46623091508041986	Brassicales
12	0.030335194548340102	Brassicales
13	0.0	Brassicales
14	0.0	Brassicales
15	0.25354314809105866	Brassicales
16	0.13052712742074607	Brassicales
17	0.030335194548340102	Brassicales
18	0.052144236132477435	Brassicales
19	0.41691374732255776	Brassicales
20	0.0	Brassicales
21	0.030335194548340102	Brassicales
22	0.0	Brassicales
23	0.18864221508437057	Brassicales
24	0.23448348300533636	Brassicales
25	0.030335194548340102	Brassicales
26	0.09066626337029529	Brassicales
27	0.030335194548340102	Brassicales
28	0.0	Brassicales
29	0.13844455737217357	Brassicales
30	0.33696989881308476	Brassicales
31	0.2002355966819341	Brassicales
32	0.0	Brassicales
33	0.23509419573546486	Brassicales
34	0.30754389178727665	Brassicales
35	0.20394055369467476	Brassicales
36	0.0	Brassicales
37	0.0	Brassicales
38	0.030335194548340102	Brassicales
39	0.0	Brassicales
40	0.030335194548340102	Brassicales
41	0.0	Brassicales
42	0.0	Brassicales
43	0.13370284599142274	Brassicales
44	0.0	Brassicales
45	0.0	Brassicales
46	2.000	Brassicales
47	0.2834651889132674	Brassicales
48	0.09066626337029529	Brassicales
49	0.030335194548340102	Brassicales
50	0.0	Brassicales
51	0.0	Brassicales
52	0.08225251016448586	Brassicales
53	0.0	Brassicales
54	0.14876192660436144	Brassicales
55	0.25346439113077246	Brassicales
56	0.0	Brassicales
57	0.37044679927730484	Brassicales
58	0.030335194548340102	Brassicales
59	0.08225251016448586	Brassicales
60	0.0	Brassicales
61	0.0	Brassicales
62	0.2879654499996306	Brassicales
63	0.0	Brassicales
64	0.09066626337029529	Brassicales
65	0.030335194548340102	Brassicales
66	0.0	Brassicales
67	0.052144236132477435	Brassicales
68	0.18149179448661484	Brassicales
69	0.0	Brassicales
70	0.2243595439720643	Brassicales
71	0.0	Brassicales
72	0.052144236132477435	Brassicales
73	0.052144236132477435	Brassicales
74	0.13052712742074607	Brassicales
75	0.0	Brassicales
76	0.0	Brassicales
77	0.0	Brassicales
78	0.0	Brassicales
79	0.0	Brassicales
80	0.0	Brassicales
81	0.030335194548340102	Brassicales
82	0.052144236132477435	Brassicales
83	0.0	Brassicales
84	0.23894568652508993	Brassicales
85	0.08700280122986928	Brassicales
86	0.21104368483117925	Brassicales
87	0.0	Brassicales
88	0.30161723784057276	Brassicales
89	0.0	Brassicales
90	0.0	Brassicales
91	0.37775405085765423	Brassicales
92	0.14211659919723216	Brassicales
93	0.030335194548340102	Brassicales
94	0.0	Brassicales
95	0.14662648503587059	Brassicales
96	0.030335194548340102	Brassicales
97	0.17186774465329888	Brassicales
98	0.030335194548340102	Brassicales
99	0.030335194548340102	Brassicales
100	0.030335194548340102	Brassicales
101	0.13844455737217357	Brassicales
102	0.1314411729790645	Brassicales
103	0.2383002070457434	Brassicales
104	0.030335194548340102	Brassicales
105	0.060557989338286856	Brassicales
106	0.16345399144748946	Brassicales
107	0.0	Brassicales
108	0.18575135803635345	Brassicales
109	0.0	Brassicales
110	0.0	Brassicales
111	0.0	Brassicales
112	0.206935883390509	Brassicales
113	0.030335194548340102	Brassicales
114	0.0	Brassicales
115	0.060557989338286856	Brassicales
116	0.2811226262170307	Brassicales
117	0.14211659919723219	Brassicales
118	0.052144236132477435	Brassicales
119	0.24509853838961396	Brassicales
120	0.0	Brassicales
121	0.15673822567831205	Brassicales
122	0.18864221508437057	Brassicales
123	0.22397721827012643	Brassicales
124	0.37133708190781606	Brassicales
125	0.14876192660436144	Brassicales
126	0.08225251016448586	Brassicales
127	0.0	Brassicales
128	0.030335194548340102	Brassicales
129	0.030335194548340102	Brassicales
130	0.3250570360147298	Brassicales
131	0.0	Brassicales
132	0.030335194548340102	Brassicales
133	0.0	Brassicales
134	0.27654373831760637	Brassicales
135	0.030335194548340102	Brassicales
136	0.16027827287681276	Brassicales
137	0.2601783559009482	Brassicales
138	0.07362808697804733	Brassicales
139	0.21122490036996575	Brassicales
140	0.18737643812946653	Brassicales
141	0.09066626337029529	Brassicales
142	0.0	Brassicales
143	0.13370284599142274	Brassicales
144	0.12211337421493663	Brassicales
145	0.4704473902360866	Brassicales
146	0.16781623802842147	Brassicales
147	0.0	Brassicales
148	0.27705430937321	Brassicales
149	0.18610990633455998	Brassicales
150	0.28170512149948984	Brassicales
151	0.0	Brassicales
152	0.38584362415947665	Brassicales
153	0.4479243436167467	Brassicales
154	0.35327155506945024	Brassicales
155	0.0	Brassicales
156	0.060557989338286856	Brassicales
157	0.0	Brassicales
158	0.0	Brassicales
159	0.0	Brassicales
160	0.3751327131122359	Brassicales
161	0.1730780412808054	Brassicales
162	0.0	Brassicales
163	0.31787841729723226	Brassicales
164	0.030335194548340102	Brassicales
165	0.060557989338286856	Brassicales
166	0.0	Brassicales
167	0.1168753395798039	Brassicales
168	0.0	Brassicales
169	0.14466106309270046	Brassicales
170	0.08700280122986928	Brassicales
171	0.0	Brassicales
172	0.22950000570151383	Brassicales
173	0.3808660885176295	Brassicales
174	0.0	Brassicales
175	0.37625263063748166	Brassicales
176	0.030335194548340102	Brassicales
177	0.38128064952793256	Brassicales
178	0.5363471345374383	Brassicales
179	0.0	Brassicales
180	0.23607340203330224	Brassicales
181	0.2299969341583557	Brassicales
182	0.25220300873580637	Brassicales
183	0.0	Brassicales
184	0.030335194548340102	Brassicales
185	0.030335194548340102	Brassicales
186	0.0	Brassicales
187	0.26379434953940073	Brassicales
188	0.11503378827708896	Brassicales
189	0.16781623802842147	Brassicales
190	0.0	Brassicales
191	0.24489591721750129	Brassicales
192	0.0	Brassicales
193	0.303551525907095	Brassicales
194	0.030335194548340102	Brassicales
195	0.030335194548340102	Brassicales
196	0.030335194548340102	Brassicales
197	0.23976636894026307	Brassicales
198	0.16703843262486695	Brassicales
199	0.2767718837047634	Brassicales
200	0.0	Brassicales
201	0.3305737143101757	Brassicales
202	0.22950000570151383	Brassicales
203	0.0	Brassicales
204	0.09066626337029529	Brassicales
205	0.030335194548340102	Brassicales
206	0.030335194548340102	Brassicales
207	0.0	Brassicales
208	0.2597257520967341	Brassicales
209	0.0	Brassicales
210	0.0	Brassicales
211	0.08225251016448586	Brassicales
212	0.27636207078592795	Brassicales
213	0.262385484699247	Brassicales
214	0.0	Brassicales
215	0.0	Brassicales
216	0.0	Brassicales
217	0.2188051915346097	Brassicales
218	0.030335194548340102	Brassicales
219	0.12723740251114515	Brassicales
220	0.060557989338286856	Brassicales
221	0.34971841154216027	Brassicales
222	0.030335194548340102	Brassicales
223	0.43272157172039316	Brassicales
224	0.030335194548340102	Brassicales
225	0.5550784508784959	Brassicales
226	0.3931900871679379	Brassicales
227	0.0	Brassicales
228	0.07066303838799975	Brassicales
229	0.030335194548340102	Brassicales
230	0.08225251016448586	Brassicales
231	0.0	Brassicales
232	0.08225251016448586	Brassicales
233	0.0	Brassicales
234	0.0	Brassicales
235	0.13370284599142274	Brassicales
236	0.0	Brassicales
237	0.1168753395798039	Brassicales
238	0.0	Brassicales
239	0.030335194548340102	Brassicales
240	0.0	Brassicales
241	0.23894568652508993	Brassicales
242	0.24187491935428637	Brassicales
243	0.0	Brassicales
244	0.3626549741063406	Brassicales
245	0.2685921091067576	Brassicales
246	0.11503378827708896	Brassicales
247	0.030335194548340102	Brassicales
248	0.0	Brassicales
249	0.08225251016448586	Brassicales
250	0.36337019938310244	Brassicales
251	0.0	Brassicales
252	0.07066303838799975	Brassicales
253	0.030335194548340102	Brassicales
254	0.030335194548340102	Brassicales
255	0.0	Brassicales
256	0.4785259721192324	Brassicales
257	0.030335194548340102	Brassicales
258	0.0	Brassicales
259	0.18737643812946653	Brassicales
260	0.0	Brassicales
261	0.08225251016448586	Brassicales
262	0.0	Brassicales
263	0.030335194548340102	Brassicales
264	0.0	Brassicales
265	0.030335194548340102	Brassicales
266	0.030335194548340102	Brassicales
267	0.0	Brassicales
268	0.20127421523583383	Brassicales
269	0.16027827287681276	Brassicales
270	0.030335194548340102	Brassicales
271	0.030335194548340102	Brassicales
272	0.2178938759924219	Brassicales
273	0.060557989338286856	Brassicales
274	0.31590123063706876	Brassicales
275	0.0	Brassicales
276	0.12723740251114515	Brassicales
277	0.0	Brassicales
278	0.2879654499996306	Brassicales
279	0.030335194548340102	Brassicales
280	0.10065458907081146	Brassicales
281	0.12723740251114515	Brassicales
282	0.0	Brassicales
283	0.08225251016448586	Brassicales
284	0.0	Brassicales
285	0.0	Brassicales
286	0.030335194548340102	Brassicales
287	0.052144236132477435	Brassicales
288	0.0	Brassicales
289	0.030335194548340102	Brassicales
290	0.3661645790811681	Brassicales
291	0.0	Brassicales
292	0.12723740251114515	Brassicales
293	0.4186526775036517	Brassicales
294	0.0	Brassicales
295	0.0	Brassicales
296	0.0	Brassicales
297	0.0	Brassicales
298	0.1657481330540579	Brassicales
299	0.0	Brassicales
300	0.20710650402482805	Brassicales
301	0.0	Brassicales
302	0.09066626337029529	Brassicales
303	0.0	Brassicales
304	0.060557989338286856	Brassicales
305	0.052144236132477435	Brassicales
306	0.21104368483117925	Brassicales
307	0.0	Brassicales
308	0.060557989338286856	Brassicales
309	0.030335194548340102	Brassicales
310	0.0	Brassicales
311	0.3608297929111002	Brassicales
312	0.030335194548340102	Brassicales
313	0.3942247395556107	Brassicales
314	0.0	Brassicales
315	0.16703843262486695	Brassicales
316	0.36595915740728413	Brassicales
317	0.060557989338286856	Brassicales
318	0.030335194548340102	Brassicales
319	0.0	Brassicales
320	0.0	Brassicales
321	0.0	Brassicales
322	0.0	Brassicales
323	0.0	Brassicales
324	0.10383030764148814	Brassicales
325	0.22196482935225215	Brassicales
326	0.060557989338286856	Brassicales
327	0.030335194548340102	Brassicales
328	0.1314411729790645	Brassicales
329	0.060557989338286856	Brassicales
330	0.0	Brassicales
331	0.09066626337029529	Brassicales
332	0.0	Brassicales
333	0.0	Brassicales
334	0.030335194548340102	Brassicales
335	0.07066303838799975	Brassicales
336	0.21122490036996575	Brassicales
337	0.2462753050539202	Brassicales
338	0.0	Brassicales
339	0.0	Brassicales
340	0.030335194548340102	Brassicales
341	0.2685921091067576	Brassicales
342	0.34925628754719973	Brassicales
343	0.030335194548340102	Brassicales
344	0.2601783559009482	Brassicales
345	0.030335194548340102	Brassicales
346	0.1314411729790645	Brassicales
347	0.0	Brassicales
348	0.4937722534202489	Brassicales
349	0.030335194548340102	Brassicales
350	0.052144236132477435	Brassicales
351	0.0	Brassicales
352	0.060557989338286856	Brassicales
353	0.0	Brassicales
354	0.0	Brassicales
355	0.2624280641569511	Brassicales
356	0.2575660608851088	Brassicales
357	0.030335194548340102	Brassicales
358	0.0	Brassicales
359	0.08225251016448586	Brassicales
360	0.0	Brassicales
361	0.060557989338286856	Brassicales
362	0.030335194548340102	Brassicales
363	0.0	Brassicales
364	0.060557989338286856	Brassicales
365	0.0	Brassicales
366	0.052144236132477435	Brassicales
367	0.030335194548340102	Brassicales
368	0.09066626337029529	Brassicales
369	0.052144236132477435	Brassicales
370	0.3020521742090009	Brassicales
371	0.0	Brassicales
372	0.22483107079983566	Brassicales
373	0.0	Brassicales
374	0.030335194548340102	Brassicales
375	0.0	Brassicales
376	0.1960053306333411	Brassicales
377	0.09066626337029529	Brassicales
378	0.0	Brassicales
379	0.030335194548340102	Brassicales
380	0.030335194548340102	Brassicales
381	0.030335194548340102	Brassicales
382	0.18737643812946653	Brassicales
383	0.0	Brassicales
384	0.0	Brassicales
385	0.0	Brassicales
386	0.39547071861683547	Brassicales
387	0.0	Brassicales
388	0.13052712742074607	Brassicales
389	0.39564976641097266	Brassicales
390	0.030335194548340102	Brassicales
391	0.030335194548340102	Brassicales
392	0.0	Brassicales
393	0.060557989338286856	Brassicales
394	0.441766723012653	Brassicales
395	0.0	Brassicales
396	0.44233567019198267	Brassicales
397	0.030335194548340102	Brassicales
398	0.15504023824168	Brassicales
399	0.07066303838799975	Brassicales
400	0.23132303521021136	Brassicales
401	0.0	Brassicales
402	0.0	Brassicales
403	0.294009401184479	Brassicales
404	0.030335194548340102	Brassicales
405	0.19559578920862813	Brassicales
406	0.0	Brassicales
407	0.22944520415851363	Brassicales
408	0.303759459043068	Brassicales
409	2.000	Brassicales
410	0.07066303838799975	Brassicales
411	0.030335194548340102	Brassicales
412	0.11224406084729756	Brassicales
413	0.505612207523219	Brassicales
414	0.3570889366817814	Brassicales
415	0.0	Brassicales
416	0.19559578920862813	Brassicales
417	0.030335194548340102	Brassicales
418	0.36893499553961057	Brassicales
419	0.0	Brassicales
420	0.37422369360998126	Brassicales
421	0.030335194548340102	Brassicales
422	0.17800165686611993	Brassicales
423	0.030335194548340102	Brassicales
424	0.1168753395798039	Brassicales
425	0.052144236132477435	Brassicales
426	0.0	Brassicales
427	0.030335194548340102	Brassicales
428	0.030335194548340102	Brassicales
429	0.10383030764148814	Brassicales
430	0.030335194548340102	Brassicales
431	0.060557989338286856	Brassicales
432	0.0	Brassicales
433	0.08225251016448586	Brassicales
434	0.2163433361379407	Brassicales
435	0.3519373483301531	Brassicales
436	0.09066626337029529	Brassicales
437	0.2705659083903974	Brassicales
438	0.0	Brassicales
439	0.24915230767929936	Brassicales
440	0.2151685346892418	Brassicales
441	0.08225251016448586	Brassicales
442	0.5495470992537681	Brassicales
443	0.052144236132477435	Brassicales
444	0.0	Brassicales
445	0.20127421523583383	Brassicales
446	0.030335194548340102	Brassicales
447	0.0	Brassicales
448	0.11224406084729754	Brassicales
449	0.15673822567831205	Brassicales
450	0.0	Brassicales
451	0.0	Brassicales
452	0.20394055369467476	Brassicales
453	0.16781623802842147	Brassicales
454	0.030335194548340102	Brassicales
455	0.030335194548340102	Brassicales
456	0.0	Brassicales
457	0.24489591721750129	Brassicales
458	0.030335194548340102	Brassicales
459	0.0	Brassicales
460	0.18575135803635345	Brassicales
461	0.08225251016448586	Brassicales
462	0.13844455737217357	Brassicales
463	0.060557989338286856	Brassicales
464	0.23448348300533636	Brassicales
465	0.18936070012134243	Brassicales
466	0.3355862650276297	Brassicales
467	0.0	Brassicales
468	0.060557989338286856	Brassicales
469	0.030335194548340102	Brassicales
470	0.060557989338286856	Brassicales
471	0.0	Brassicales
472	0.5211236109852623	Brassicales
473	0.0	Brassicales
474	0.0	Brassicales
475	0.3186783398224914	Brassicales
476	0.0	Brassicales
477	0.0	Brassicales
478	0.060557989338286856	Brassicales
479	0.13052712742074607	Brassicales
480	0.0	Brassicales
481	0.2820888938946693	Brassicales
482	0.24509853838961398	Brassicales
483	0.030335194548340102	Brassicales
484	0.34218626127143387	Brassicales
485	0.28300686093175265	Brassicales
486	0.0	Brassicales
487	0.3903999215103401	Brassicales
488	0.0	Brassicales
489	0.3396827637136644	Brassicales
490	0.4717014954525948	Brassicales
491	0.0	Brassicales
492	0.43150670362333726	Brassicales
493	0.030335194548340102	Brassicales
494	0.030335194548340102	Brassicales
495	0.030335194548340102	Brassicales
496	0.22917745689755378	Brassicales
497	0.030335194548340102	Brassicales
498	0.0	Brassicales
499	0.21277007219557822	Brassicales
500	0.0	Brassicales
501	0.3164761486801726	Brassicales
502	0.030335194548340102	Brassicales
503	0.11224406084729754	Brassicales
504	0.0	Brassicales
505	0.10065458907081146	Brassicales
506	0.10065458907081146	Brassicales
507	0.0	Brassicales
508	0.052144236132477435	Brassicales
509	0.0	Brassicales
510	0.10065458907081146	Brassicales
511	0.6167976825015394	Brassicales
512	0.23894568652508993	Brassicales
513	0.4226234029759821	Brassicales
514	0.5289064122839315	Brassicales
515	0.0	Brassicales
516	0.292631449437149	Brassicales
517	0.030335194548340102	Brassicales
518	0.11503378827708896	Brassicales
519	0.07066303838799975	Brassicales
520	0.030335194548340102	Brassicales
521	0.0	Brassicales
522	0.0	Brassicales
523	0.030335194548340102	Brassicales
524	0.08225251016448586	Brassicales
525	0.2960143727637135	Brassicales
526	0.0	Brassicales
527	0.2894295577812107	Brassicales
528	0.030335194548340102	Brassicales
529	0.19534641161402294	Brassicales
530	0.2718553107135919	Brassicales
531	0.0	Brassicales
532	0.052144236132477435	Brassicales
533	0.3375161912011677	Brassicales
534	0.0	Brassicales
535	0.3518650335299253	Brassicales
536	0.060557989338286856	Brassicales
537	0.030335194548340102	Brassicales
538	0.3141008363139641	Brassicales
539	0.0	Brassicales
540	0.13821273183006116	Brassicales
541	0.0	Brassicales
542	0.030335194548340102	Brassicales
543	0.060557989338286856	Brassicales
544	0.18737643812946653	Brassicales
545	0.052144236132477435	Brassicales
546	0.0	Brassicales
547	0.5173958660672585	Brassicales
548	0.16784000664567267	Brassicales
549	0.21641731759402622	Brassicales
550	0.11503378827708896	Brassicales
551	0.14662648503587059	Brassicales
552	0.0	Brassicales
553	0.22445125877273106	Brassicales
554	0.09066626337029529	Brassicales
555	0.0	Brassicales
556	0.15186451967100334	Brassicales
557	0.09066626337029529	Brassicales
558	0.0	Brassicales
559	0.31839356797497065	Brassicales
560	0.0	Brassicales
561	0.3909690847818304	Brassicales
562	0.030335194548340102	Brassicales
563	0.0	Brassicales
564	0.060557989338286856	Brassicales
565	0.030335194548340102	Brassicales
566	0.07066303838799975	Brassicales
567	0.030335194548340102	Brassicales
568	0.0	Brassicales
569	0.0	Brassicales
570	0.0	Brassicales
571	0.2267125104690875	Brassicales
572	0.030335194548340102	Brassicales
573	0.1168753395798039	Brassicales
574	0.09066626337029529	Brassicales
575	0.07066303838799975	Brassicales
576	0.0	Brassicales
577	0.15186451967100334	Brassicales
578	0.37081968561928336	Brassicales
579	0.0	Brassicales
580	0.08225251016448586	Brassicales
581	0.13821273183006116	Brassicales
582	0.19559578920862813	Brassicales
583	0.0	Brassicales
584	0.1314411729790645	Brassicales
585	0.0	Brassicales
586	0.36506897055270005	Brassicales
587	0.0	Brassicales
588	0.08225251016448586	Brassicales
589	0.0	Brassicales
590	0.10065458907081146	Brassicales
591	0.0	Brassicales
592	0.10065458907081146	Brassicales
593	0.060557989338286856	Brassicales
594	0.060557989338286856	Brassicales
595	0.5073823926472689	Brassicales
596	0.16027827287681276	Brassicales
597	0.10065458907081146	Brassicales
598	0.22866729600638408	Brassicales
599	0.2840473720137015	Brassicales
600	0.0	Brassicales
601	0.2462753050539202	Brassicales
602	0.25185429583302676	Brassicales
603	0.18149179448661484	Brassicales
604	0.24934625609590685	Brassicales
605	0.0	Brassicales
606	0.08225251016448586	Brassicales
607	0.3905187720119564	Brassicales
608	0.0	Brassicales
609	0.0	Brassicales
610	0.052144236132477435	Brassicales
611	0.0	Brassicales
612	0.07066303838799975	Brassicales
613	0.0	Brassicales
614	0.23132303521021136	Brassicales
615	0.0	Brassicales
616	0.16703843262486695	Brassicales
617	0.030335194548340102	Brassicales
618	0.3331253507894084	Brassicales
619	0.0	Brassicales
620	0.1164430142581448	Brassicales
621	0.2163433361379407	Brassicales
622	0.0	Brassicales
623	0.052144236132477435	Brassicales
624	0.0	Brassicales
625	0.060557989338286856	Brassicales
626	0.030335194548340102	Brassicales
627	0.030335194548340102	Brassicales
628	0.0	Brassicales
629	0.030335194548340102	Brassicales
630	0.0	Brassicales
631	0.19734082981283957	Brassicales
632	0.030335194548340102	Brassicales
633	0.0	Brassicales
634	0.13844455737217357	Brassicales
635	0.0	Brassicales
636	0.0	Brassicales
637	0.0	Brassicales
638	0.21512303869260138	Brassicales
639	0.1016900275229978	Brassicales
640	0.15625053486918655	Brassicales
641	0.0	Brassicales
642	0.11224406084729754	Brassicales
643	0.0	Brassicales
644	0.030335194548340102	Brassicales
645	0.18149179448661482	Brassicales
646	0.030335194548340102	Brassicales
647	0.030335194548340102	Brassicales
648	0.31864946201138555	Brassicales
649	0.07066303838799975	Brassicales
650	0.0	Brassicales
651	0.10383030764148814	Brassicales
652	0.0	Brassicales
653	0.16027827287681276	Brassicales
654	0.30116140032593297	Brassicales
655	0.5009441443281951	Brassicales
656	0.030335194548340102	Brassicales
657	0.030335194548340102	Brassicales
658	0.052144236132477435	Brassicales
659	0.0	Brassicales
660	0.23607340203330224	Brassicales
661	0.0	Brassicales
662	0.0	Brassicales
663	0.0	Brassicales
664	0.0	Brassicales
665	0.030335194548340102	Brassicales
666	0.18610990633455998	Brassicales
667	0.0	Brassicales
668	0.0	Brassicales
669	0.161068447794676	Brassicales
670	0.10383030764148814	Brassicales
671	0.030335194548340102	Brassicales
672	0.0	Brassicales
673	0.3417271009121255	Brassicales
674	0.08308829248532615	Brassicales
675	0.21407916420538026	Brassicales
676	0.14662648503587059	Brassicales
677	0.060557989338286856	Brassicales
678	0.060557989338286856	Brassicales
679	0.13370284599142274	Brassicales
680	0.12211337421493663	Brassicales
681	0.3844302273829805	Brassicales
682	0.16784000664567264	Brassicales
683	0.0	Brassicales
684	0.0	Brassicales
685	0.08700280122986928	Brassicales
686	0.0	Brassicales
687	0.060557989338286856	Brassicales
688	0.0	Brassicales
689	0.08225251016448586	Brassicales
690	0.20127421523583383	Brassicales
691	0.060557989338286856	Brassicales
692	0.0	Brassicales
693	0.27044833021670595	Brassicales
694	0.0	Brassicales
695	0.030335194548340102	Brassicales
696	0.4048410815104701	Brassicales
697	0.14466106309270046	Brassicales
698	0.1168753395798039	Brassicales
699	0.030335194548340102	Brassicales
700	2.000	Brassicales
701	0.09066626337029529	Brassicales
702	0.20641742782174136	Brassicales
703	0.030335194548340102	Brassicales
704	0.161068447794676	Brassicales
705	0.0	Brassicales
706	0.09066626337029529	Brassicales
707	0.08225251016448586	Brassicales
708	0.0	Brassicales
709	0.0	Brassicales
710	0.030335194548340102	Brassicales
711	0.0	Brassicales
712	0.4055266274656201	Brassicales
713	0.030335194548340102	Brassicales
714	0.060557989338286856	Brassicales
715	0.08225251016448586	Brassicales
716	0.060557989338286856	Brassicales
717	0.0	Brassicales
718	0.060557989338286856	Brassicales
719	0.0	Brassicales
720	0.0	Brassicales
721	0.030335194548340102	Brassicales
722	0.1016900275229978	Brassicales
723	0.030335194548340102	Brassicales
724	0.1730780412808054	Brassicales
725	0.13370284599142274	Brassicales
726	0.13844455737217357	Brassicales
727	0.1314411729790645	Brassicales
728	0.13370284599142274	Brassicales
729	0.0	Brassicales
730	0.0	Brassicales
731	0.12211337421493663	Brassicales
732	0.030335194548340102	Brassicales
733	0.13821273183006116	Brassicales
734	0.0	Brassicales
735	0.22917745689755378	Brassicales
736	0.030335194548340102	Brassicales
737	0.0	Brassicales
738	0.16781623802842147	Brassicales
739	0.07066303838799975	Brassicales
740	0.060557989338286856	Brassicales
741	0.0	Brassicales
742	0.052144236132477435	Brassicales
743	0.07066303838799975	Brassicales
744	0.0	Brassicales
745	2.000	Brassicales
746	2.000	Brassicales
747	0.052144236132477435	Brassicales
748	0.24378925552999697	Brassicales
749	0.0	Brassicales
750	0.030335194548340102	Brassicales
751	0.0	Brassicales
752	0.030335194548340102	Brassicales
753	0.2898123621136373	Brassicales
754	0.07066303838799975	Brassicales
755	0.17056604597954733	Brassicales
756	0.19940314587729563	Brassicales
757	0.325062520588109	Brassicales
758	0.060557989338286856	Brassicales
759	0.060557989338286856	Brassicales
760	0.18149179448661484	Brassicales
761	0.0	Brassicales
762	0.0	Brassicales
763	0.19734082981283957	Brassicales
764	0.10065458907081146	Brassicales
765	0.0	Brassicales
766	0.0	Brassicales
767	0.0	Brassicales
