pos,res,dN/dS
1,V,1.046
2,D,0.552
3,V,0.172
4,E,0.045
5,I,0.223
6,E,0.240
7,A,0.139
8,L,0.205
9,K,0.039
10,A,0.221
11,F,0.049
12,K,0.045
13,N,0.437
14,S,0.068
15,I,0.046
16,T,0.334
17,H,1.020
18,D,0.155
19,P,0.056
20,N,0.453
21,G,0.545
22,A,0.603
23,L,0.040
24,A,0.584
25,D,0.317
26,W,0.099
27,V,0.327
28,D,0.486
29,R,0.761
30,H,1.405
31,P,0.524
32,H,0.039
33,C,0.073
34,N,0.044
35,W,0.099
36,S,0.424
37,G,0.081
38,I,0.091
39,A,0.687
40,C,0.043
41,D,0.524
42,S,1.259
43,S,0.453
44,*,0.832
45,-,0.302
46,-,0.221
47,*,0.930
48,N,0.626
49,H,0.173
50,V,0.041
51,T,0.429
52,S,0.207
53,I,0.344
54,S,0.411
55,L,0.350
56,V,0.725
57,S,1.014
58,L,0.502
59,Q,0.429
60,L,0.061
61,Q,0.262
62,G,0.066
63,V,1.176
64,I,0.225
65,S,0.216
66,P,0.158
67,F,0.252
68,L,0.340
69,G,0.072
70,N,0.042
71,I,0.165
72,S,0.064
73,G,0.648
74,L,0.036
75,Q,0.200
76,I,0.487
77,L,0.176
78,D,0.035
79,L,0.172
80,T,0.378
81,S,0.070
82,N,0.031
83,S,0.574
84,F,0.269
85,T,0.111
86,G,0.060
87,H,0.915
88,I,0.160
89,P,0.041
90,P,1.062
91,Q,0.439
92,L,0.261
93,S,0.425
94,F,0.654
95,C,0.337
96,T,0.273
97,Q,0.166
98,L,0.036
99,S,0.385
100,Q,1.532
101,L,0.052
102,I,1.605
103,F,0.108
104,F,0.968
105,D,0.712
106,N,0.032
107,S,0.121
108,L,0.064
109,S,0.463
110,G,0.052
111,T,0.581
112,I,0.236
113,P,0.040
114,P,0.591
115,E,0.489
116,L,0.187
117,G,0.185
118,N,0.152
119,L,0.320
120,K,0.214
121,K,1.372
122,L,0.266
123,Q,0.203
124,Y,0.201
125,L,0.200
126,D,0.031
127,L,0.409
128,G,0.143
129,N,0.623
130,N,0.047
131,G,1.557
132,L,0.345
133,N,0.092
134,G,0.069
135,S,0.600
136,L,0.195
137,P,0.040
138,D,0.715
139,S,0.168
140,I,0.426
141,F,0.044
142,N,0.045
143,C,1.104
144,T,0.035
145,S,0.039
146,L,0.067
147,L,0.201
148,G,0.422
149,I,0.291
150,A,0.293
151,F,0.041
152,N,0.433
153,S,0.534
154,N,0.045
155,N,0.038
156,L,0.048
157,T,0.482
158,G,0.205
159,I,0.739
160,I,0.045
161,P,0.051
162,S,0.472
163,N,0.286
164,I,0.261
165,G,0.087
166,N,0.098
167,L,0.330
168,V,0.177
169,N,0.140
170,V,0.804
171,T,0.795
172,Q,0.323
173,I,0.289
174,V,1.568
175,G,0.066
176,F,0.362
177,G,0.627
178,N,0.028
179,N,0.689
180,L,0.254
181,V,0.120
182,G,0.084
183,S,0.038
184,I,0.035
185,P,0.040
186,L,0.639
187,S,0.175
188,I,0.288
189,G,0.048
190,Q,1.235
191,L,0.065
192,G,1.255
193,A,0.283
194,L,0.206
195,Q,1.178
196,S,0.454
197,I,0.448
198,D,0.031
199,F,0.029
200,S,0.043
201,Q,0.280
202,N,0.041
203,K,0.513
204,L,0.059
205,S,0.324
206,G,0.049
207,V,0.628
208,I,0.036
209,P,0.125
210,Q,1.542
211,E,0.181
212,I,0.029
213,G,0.072
214,N,0.212
215,L,0.076
216,T,0.639
217,N,0.241
218,L,0.057
219,V,0.966
220,Y,0.820
221,L,0.109
222,L,1.531
223,L,0.214
224,F,0.368
225,Q,0.675
226,N,0.028
227,S,0.073
228,M,0.334
229,T,0.563
230,G,0.078
231,K,0.304
232,I,0.039
233,P,0.122
234,S,0.216
235,E,0.171
236,I,0.591
237,A,0.645
238,K,0.825
239,C,0.045
240,S,1.079
241,Q,0.623
242,L,0.039
243,L,0.742
244,H,1.391
245,L,0.033
246,D,0.179
247,L,0.185
248,Y,0.143
249,K,0.932
250,N,0.028
251,E,1.524
252,F,0.533
253,I,0.660
254,G,0.069
255,S,0.357
256,I,0.029
257,P,0.038
258,P,0.582
259,E,0.315
260,L,0.203
261,G,0.069
262,S,0.171
263,L,0.057
264,V,0.173
265,Q,0.453
266,L,0.067
267,E,0.717
268,T,0.375
269,L,0.195
270,R,0.214
271,L,0.288
272,Y,0.503
273,H,1.571
274,N,0.029
275,N,0.596
276,L,0.492
277,N,0.199
278,S,0.072
279,T,0.048
280,I,0.104
281,P,0.052
282,S,0.289
283,S,0.194
284,I,0.113
285,F,0.218
286,Q,0.858
287,L,0.072
288,K,0.040
289,S,0.363
290,L,0.061
291,T,0.265
292,H,0.549
293,L,0.059
294,E,0.329
295,L,0.067
296,S,0.217
297,E,1.016
298,N,0.028
299,N,0.600
300,L,0.182
301,E,0.187
302,G,0.069
303,T,0.600
304,I,0.194
305,S,0.122
306,S,0.298
307,E,0.291
308,I,0.094
309,G,0.069
310,Y,0.519
311,L,0.350
312,S,0.519
313,S,0.070
314,L,0.055
315,Q,0.454
316,Y,0.888
317,L,0.065
318,T,0.051
319,L,0.082
320,H,0.032
321,V,0.444
322,N,0.029
323,K,0.610
324,F,0.098
325,T,0.120
326,G,0.084
327,K,0.871
328,I,0.036
329,P,0.038
330,S,0.499
331,S,0.074
332,I,0.209
333,T,0.355
334,K,0.502
335,L,0.068
336,T,0.708
337,N,0.046
338,L,0.065
339,T,0.048
340,Y,0.204
341,L,0.190
342,S,0.353
343,M,0.394
344,S,0.148
345,Q,0.209
346,N,0.028
347,L,0.308
348,L,0.187
349,S,0.064
350,G,0.045
351,E,0.349
352,L,0.263
353,P,0.038
354,S,0.333
355,N,0.343
356,L,0.444
357,G,0.049
358,V,0.762
359,F,0.106
360,Q,0.502
361,N,0.222
362,L,0.068
363,K,0.165
364,F,0.375
365,L,0.042
366,V,0.549
367,L,0.219
368,S,0.607
369,S,1.608
370,N,0.042
371,F,1.514
372,F,0.554
373,H,0.404
374,G,0.058
375,S,0.723
376,I,0.105
377,P,0.057
378,P,0.209
379,S,0.053
380,I,0.095
381,A,0.431
382,N,0.091
383,C,0.227
384,T,0.033
385,S,0.559
386,L,0.472
387,V,0.257
388,N,0.028
389,V,0.170
390,S,0.033
391,L,0.061
392,S,0.336
393,L,0.638
394,N,0.028
395,A,0.855
396,L,0.409
397,T,0.481
398,G,0.084
399,K,0.592
400,I,0.029
401,P,0.040
402,E,0.670
403,G,0.053
404,F,0.219
405,S,0.070
406,R,0.199
407,M,0.865
408,P,0.394
409,N,0.029
410,L,0.038
411,T,0.033
412,F,0.047
413,L,0.242
414,S,0.212
415,L,0.426
416,A,1.288
417,S,0.750
418,N,0.046
419,K,0.215
420,M,0.329
421,T,0.357
422,G,0.061
423,E,0.143
424,I,0.148
425,P,0.056
426,D,0.104
427,D,0.128
428,L,0.052
429,Y,0.429
430,N,0.135
431,C,0.074
432,S,0.219
433,N,0.181
434,L,0.033
435,R,0.623
436,S,0.331
437,L,0.068
438,S,0.249
439,L,0.067
440,A,1.053
441,E,1.514
442,N,0.044
443,N,0.228
444,F,0.302
445,S,0.108
446,G,0.074
447,L,1.163
448,I,0.224
449,K,0.292
450,S,0.577
451,G,0.787
452,I,0.155
453,K,0.917
454,N,0.040
455,L,0.091
456,S,0.402
457,K,0.394
458,L,0.182
459,L,1.582
460,R,0.787
461,L,0.061
462,L,0.777
463,L,0.093
464,N,0.355
465,V,1.536
466,N,0.028
467,S,0.220
468,F,0.049
469,M,1.149
470,G,0.073
471,P,0.563
472,I,0.029
473,P,0.057
474,P,0.377
475,E,0.187
476,I,0.030
477,G,0.071
478,N,0.144
479,L,0.065
480,N,0.156
481,Q,0.467
482,L,0.057
483,I,0.958
484,T,0.341
485,L,0.065
486,S,0.577
487,L,0.111
488,S,0.124
489,E,0.231
490,N,0.029
491,K,0.477
492,F,0.299
493,S,0.432
494,G,0.044
495,Q,0.757
496,I,0.029
497,P,0.051
498,P,0.507
499,E,0.047
500,L,0.363
501,S,0.358
502,K,0.219
503,L,0.037
504,S,0.454
505,L,0.672
506,L,0.112
507,Q,0.066
508,G,0.064
509,L,0.057
510,S,0.678
511,L,0.052
512,H,0.709
513,E,1.182
514,N,0.028
515,E,1.580
516,L,0.057
517,E,0.239
518,G,0.051
519,T,0.452
520,I,0.117
521,P,0.039
522,D,0.099
523,K,0.547
524,L,0.375
525,S,0.383
526,E,0.548
527,L,0.620
528,Q,0.368
529,Q,1.547
530,L,0.065
531,T,0.129
532,K,1.603
533,L,0.033
534,L,1.382
535,L,0.083
536,H,0.648
537,Q,0.946
538,N,0.047
539,K,0.366
540,L,0.220
541,V,0.317
542,G,0.045
543,Q,0.489
544,I,0.039
545,P,0.054
546,D,0.300
547,S,0.286
548,I,0.570
549,S,0.071
550,K,0.574
551,L,0.034
552,E,0.774
553,M,0.100
554,L,0.034
555,S,0.064
556,Y,1.592
557,L,0.059
558,D,0.044
559,L,0.138
560,H,0.032
561,G,0.393
562,N,0.047
563,K,0.221
564,L,0.220
565,N,0.156
566,G,0.071
567,S,0.221
568,I,0.092
569,P,0.060
570,R,0.253
571,S,0.553
572,M,0.108
573,G,0.362
574,K,0.781
575,L,0.039
576,N,0.598
577,Q,0.552
578,L,0.040
579,L,0.057
580,V,0.570
581,L,0.067
582,D,0.031
583,L,0.210
584,S,0.043
585,H,0.600
586,N,0.046
587,Q,1.548
588,F,0.197
589,I,0.454
590,G,0.072
591,S,0.608
592,I,0.029
593,P,0.161
594,G,0.490
595,D,0.178
596,V,0.060
597,I,0.228
598,A,0.396
599,D,0.919
600,F,0.338
601,K,0.132
602,D,0.678
603,M,0.169
604,Q,0.067
605,M,0.290
606,Y,0.037
607,L,0.039
608,N,0.145
609,L,0.123
610,S,0.040
611,Y,0.495
612,N,0.045
613,H,0.387
614,F,0.274
615,D,0.261
616,G,0.069
617,D,0.698
618,V,0.176
619,P,0.187
620,T,0.911
621,E,0.059
622,L,0.251
623,G,0.201
624,M,0.519
625,L,0.313
626,E,0.435
627,I,0.100
628,V,1.096
629,Q,0.054
630,A,0.455
631,I,0.092
632,D,0.034
633,I,0.376
634,S,0.070
635,N,0.047
636,N,0.030
637,N,0.093
638,L,0.035
639,S,0.057
640,G,0.139
641,F,0.584
642,I,0.163
643,P,0.066
644,K,1.039
645,T,0.466
646,L,0.184
647,T,1.059
648,E,0.562
649,C,0.073
650,R,0.265
651,N,0.029
652,L,0.188
653,F,0.134
654,N,0.250
655,L,0.106
656,D,0.031
657,F,0.107
658,S,0.070
659,A,0.462
660,N,0.047
661,N,0.353
662,I,0.032
663,S,0.472
664,G,0.049
665,P,0.291
666,I,0.029
667,P,0.042
668,A,0.618
669,E,0.441
670,A,0.381
671,F,0.031
672,S,0.533
673,H,1.281
674,M,0.100
675,S,0.384
676,L,0.454
677,I,0.106
678,E,0.266
679,S,0.685
680,L,0.059
681,N,0.041
682,L,0.038
683,S,0.070
684,R,0.383
685,N,0.031
686,H,0.245
687,L,0.286
688,E,0.354
689,G,0.047
690,E,0.426
691,I,0.050
692,P,0.140
693,A,0.795
694,I,0.839
695,L,0.555
696,A,0.806
697,E,0.676
698,L,0.106
699,D,0.602
700,H,0.386
701,L,0.035
702,S,0.471
703,S,0.410
704,L,0.568
705,D,0.032
706,L,0.033
707,S,0.038
708,Q,0.723
709,N,0.029
710,D,0.888
711,L,0.076
712,K,0.493
713,G,0.070
714,T,0.348
715,I,0.032
716,P,0.216
717,E,1.310
718,G,0.459
719,F,0.093
720,A,0.483
721,N,0.032
722,L,0.038
723,S,0.070
724,N,0.435
725,L,0.082
726,V,0.489
727,H,0.539
728,L,0.337
729,N,0.047
730,L,0.178
731,S,0.043
732,F,0.143
733,N,0.031
734,Q,0.169
735,L,0.034
736,E,0.046
737,G,0.045
738,P,0.444
739,V,0.237
740,P,0.042
741,K,1.000
742,T,0.731
743,G,0.070
744,L,0.294
745,F,0.031
746,A,0.436
747,H,0.528
748,I,0.351
749,N,0.159
750,A,0.392
751,S,0.121
752,S,0.764
753,M,0.441
754,M,0.638
755,G,0.069
756,N,0.147
757,Q,0.340
758,D,0.265
759,L,0.034
760,C,0.044
761,G,0.070
