LRR,1,2,4,6,7,9
1,73,74,76,78,79,81
2,97,98,100,102,103,105
3,121,125,127,129,130,132
4,145,146,148,150,151,153
5,169,170,172,174,175,177
6,193,194,196,198,199,201
7,217,218,220,222,223,225
8,241,242,244,246,247,249
9,265,266,268,270,271,273
10,289,290,292,294,295,297
11,313,314,316,318,319,321
12,337,338,340,342,343,345
13,361,362,364,366,367,369
14,385,386,388,390,391,393
15,409,410,412,414,415,417
16,433,434,436,438,439,441
17,457,458,460,462,463,465
18,481,482,484,486,487,489
19,505,506,508,510,511,513
20,529,530,532,534,535,537
21,553,554,556,558,559,561
22,577,578,580,582,583,585
23,602,605,607,609,610,612
24,627,628,630,632,633,635
25,651,652,654,656,657,659
26,676,677,679,681,682,684
27,700,701,703,705,706,708
28,724,725,727,729,730,732
