X_Residue,X_AminoAcid,dn/ds,Closest_Y_Residue,Y_AminoAcid,Distance_Y,Closest_Z_Residue,Z_AminoAcid,Distance_Z
70,S,0.164,2,R,16.22,62,Q,44.76
72,Q,0.417,4,S,10.2,62,Q,39.02
73,V,0.267,2,R,6.8,62,Q,37.34
75,D,0.118,2,R,3.03,62,Q,31.74
77,T,0.124,2,R,4.61,13,N,27.77
78,L,1.319,1,Q,5.9,13,N,24.18
80,S,0.662,2,R,14.09,13,N,23.17
94,Q,0.418,4,S,13.44,62,Q,41.91
96,S,0.305,4,S,7.97,62,Q,36.51
97,E,0.636,4,S,3.08,62,Q,33.97
99,T,0.637,2,R,4.68,62,Q,29.71
101,Y,0.487,8,R,2.56,62,Q,21.87
102,E,0.548,1,Q,5.59,13,N,21.14
104,S,0.304,8,R,12.26,13,N,20.07
118,N,0.111,4,S,11.66,62,Q,39.73
120,Q,0.426,4,S,7.67,62,Q,34.44
121,S,0.873,3,L,4.25,62,Q,32.09
123,D,0.118,8,R,2.61,62,Q,25.1
125,G,0.158,8,R,4.37,62,Q,21.34
126,D,0.943,8,R,4.98,62,Q,17.52
128,S,0.745,8,R,11.41,58,Q,17.37
142,S,0.192,4,S,11.41,62,Q,37.91
144,L,1.106,3,L,7.51,62,Q,32.82
145,A,1.488,3,L,4.24,62,Q,30.38
147,G,0.702,3,L,3.37,62,Q,24.31
149,I,0.69,8,R,2.49,62,Q,18.43
150,F,0.428,10,N,4.11,62,Q,14.03
152,N,0.241,8,R,12.28,61,P,12.91
166,N,0.33,3,L,11.23,62,Q,36.5
168,Q,0.373,7,L,5.97,62,Q,31.19
169,L,0.732,7,L,3.2,62,Q,28.72
171,L,2.303,3,L,3.23,62,Q,22.6
173,Y,0.302,8,R,2.76,62,Q,16.59
174,G,2.222,10,N,5.13,62,Q,14.28
176,K,0.713,10,N,11.24,86,E,10.21
190,S,0.748,7,L,9.08,5,D,34.9
192,Q,0.162,7,L,5.03,5,D,28.86
193,A,0.135,7,L,3.69,5,D,27.16
195,D,0.945,10,N,2.65,62,Q,19.82
197,S,0.125,10,N,2.92,65,Q,15.69
198,Q,0.368,10,N,2.94,62,Q,11.81
200,Q,0.603,10,N,11.03,86,E,9.83
214,N,0.261,7,L,8.48,5,D,32.47
216,E,1.003,7,L,5.92,5,D,26.54
217,Y,0.301,7,L,3.32,5,D,24.48
219,L,2.124,10,N,3.44,5,D,19.42
221,F,0.561,10,N,3.24,5,D,13.62
222,E,0.546,13,Q,5.91,5,D,9.71
224,S,0.447,10,N,12.84,65,Q,11.91
238,Q,0.748,7,L,9.78,5,D,30.28
240,V,0.125,7,L,8.1,5,D,24.61
241,A,0.833,9,V,6.77,5,D,22.39
243,E,0.149,12,A,3.62,5,D,16.8
245,Y,0.855,13,Q,3.15,5,D,11.24
246,T,2.334,15,D,6.69,5,D,9.17
248,Q,1.051,15,D,13.25,67,Q,10.83
262,H,0.15,7,L,12.23,5,D,28.45
264,E,0.696,14,D,8.3,5,D,22.88
265,T,1.119,12,A,6.11,5,D,20.35
267,R,0.892,14,D,2.79,5,D,14.92
269,Y,0.424,13,Q,2.76,5,D,9.51
270,K,0.864,15,D,3.58,5,D,4.8
272,K,0.603,15,D,11.23,67,Q,11.08
286,S,0.41,14,D,11.81,29,V,26.46
288,T,0.176,14,D,6.59,29,V,20.06
289,H,0.448,14,D,3.07,29,V,17.64
291,G,0.194,14,D,5.85,1,N,14.92
293,S,0.445,15,D,2.67,1,N,10.39
294,E,0.609,15,D,3.23,1,N,5.42
296,E,0.384,15,D,10.83,67,Q,14.65
310,S,0.192,14,D,10.85,29,V,23.69
312,E,0.725,14,D,7.13,29,V,17.39
313,V,0.496,14,D,3.74,29,V,14.27
315,T,0.177,15,D,3.81,29,V,11.86
317,H,0.118,15,D,2.96,1,N,7.47
318,S,0.427,18,A,6.24,1,N,7.89
320,K,0.157,15,D,12.3,42,E,14.94
334,N,0.111,14,D,10.78,27,T,20.08
336,T,0.279,14,D,7.46,27,T,14
337,Q,1.935,19,Y,4.36,29,V,11.14
339,S,0.674,17,A,3.26,29,V,9.28
341,S,0.379,18,A,4.19,29,V,9.32
342,F,2.192,22,S,2.91,43,N,6.45
344,F,0.337,22,S,12.12,43,N,13.53
358,N,0.488,19,Y,11.44,27,T,16.89
360,K,0.951,19,Y,6.85,27,T,11.37
361,N,0.149,19,Y,2.73,27,T,8.84
363,T,0.178,19,Y,3.27,27,T,8.05
365,N,1.783,19,Y,2.92,29,V,8.14
366,N,2.043,21,A,3.84,43,N,6.46
368,L,0.302,21,A,11.84,43,N,14.68
382,H,0.118,19,Y,10.57,27,T,13.72
384,L,0.652,19,Y,7.46,27,T,8.98
385,V,0.614,19,Y,3.46,27,T,6.85
387,G,0.499,19,Y,4.47,27,T,9.43
389,S,1.277,21,A,3.31,28,L,9.51
390,R,2.384,22,S,2.66,43,N,4.32
392,R,0.556,21,A,11.53,43,N,16.15
406,N,0.111,19,Y,11.53,27,T,11.4
408,T,0.287,19,Y,7.94,27,T,7.09
409,F,2.058,19,Y,3.44,28,L,4.45
411,S,2.173,21,A,5.06,28,L,7.87
413,S,0.807,21,A,4.73,33,T,8.9
414,Y,0.863,21,A,6,43,N,8.46
416,K,0.137,21,A,12.83,43,N,17.94
430,N,0.583,19,Y,12.79,27,T,10.23
432,R,0.785,19,Y,10.72,25,D,5.33
433,I,0.27,20,A,6.85,28,L,3.72
435,D,0.443,21,A,6.32,33,T,6.89
437,T,0.783,21,A,8.12,33,T,9.26
438,Q,2.321,21,A,10.46,43,N,12.49
440,F,0.68,21,A,15.51,33,T,19.03
454,N,0.575,19,Y,14.96,25,D,9.1
456,Q,2.04,19,Y,12.11,25,D,4.46
457,I,0.443,20,A,8.36,28,L,3.22
459,R,2.379,21,A,6.38,33,T,3.3
461,H,0.701,21,A,10.41,33,T,8.91
462,S,0.559,22,S,13.71,33,T,13.87
464,S,0.682,21,A,18.69,33,T,20.08
478,K,0.352,20,A,16.32,22,Q,6.09
480,F,0.821,20,A,10.98,22,Q,3.41
481,S,1.013,20,A,12.42,35,F,4.07
483,S,0.429,21,A,13.2,35,F,8.29
485,G,0.347,21,A,16.9,35,F,12.69
486,Q,2.349,22,S,14.96,33,T,15.01
488,S,0.278,21,A,22.42,35,F,20.71
502,L,0.737,20,A,18.38,22,Q,2.97
504,Q,0.161,20,A,15.33,22,Q,3.1
505,G,0.217,20,A,16.76,35,F,3.29
507,Y,0.788,22,S,13.96,35,F,3.38
509,N,0.243,22,S,17.08,35,F,11.54
510,D,0.364,22,S,18.74,35,F,15.75
512,D,0.662,22,S,26.08,35,F,20.95
526,Q,0.185,20,A,20.75,18,N,3.47
528,N,1.184,20,A,18.92,36,H,3.71
529,E,0.587,22,S,14.64,35,F,3.96
531,G,1.9,22,S,19.68,35,F,9.1
533,Q,0.774,22,S,18.11,35,F,12.46
534,N,1.047,22,S,21.78,35,F,17.78
536,K,0.402,22,S,28.74,35,F,21.62
550,Q,0.866,22,S,22.91,52,N,4.49
552,S,0.401,22,S,18.92,36,H,5.38
553,Y,0.144,22,S,17.55,35,F,7.82
555,N,0.561,22,S,20.03,35,F,12.02
557,H,0.606,22,S,23.94,35,F,17.08
558,G,0.603,22,S,26.57,35,F,20.19
560,M,0.113,22,S,31.54,35,F,23.52
574,Q,0.618,22,S,23.46,52,N,2.75
576,M,0.587,22,S,18.61,49,D,3.05
577,T,0.758,22,S,19.24,38,T,8.31
579,D,0.119,22,S,22.8,38,T,14.89
581,S,0.191,22,S,26.11,38,T,18.92
582,H,0.367,22,S,27.83,38,T,21.73
584,Y,0.465,22,S,34.22,35,F,26.06
600,M,0.113,22,S,24.89,75,Y,6.39
602,L,0.711,22,S,17.52,47,R,4
603,Y,0.132,22,S,21.67,47,R,8.43
605,N,0.149,22,S,25.21,47,R,14.95
607,S,0.192,22,S,28.62,47,R,20.4
608,Y,0.425,22,S,30.45,38,T,23.56
610,F,0.338,22,S,36.89,47,R,28.05
624,M,0.319,22,S,24.68,121,R,3.27
626,Q,0.18,22,S,19.81,47,R,3.33
627,A,0.91,22,S,23.82,71,Y,9.08
629,D,0.561,22,S,27.66,47,R,15.68
631,S,0.192,22,S,31.31,71,Y,21.28
632,N,0.149,22,S,32.84,71,Y,24.54
634,N,0.116,22,S,39.4,118,R,28.53
648,N,0.111,22,S,24.17,118,R,2.89
650,F,0.346,22,S,23.25,71,Y,4.22
651,S,0.134,22,S,25.75,118,R,9.94
653,D,0.121,22,S,30.12,118,R,15.96
655,S,0.191,22,S,33.83,118,R,21.19
656,G,0.551,22,S,37.07,118,R,24.84
658,N,0.302,22,S,41.85,118,R,27.39
673,M,0.632,22,S,25.72,118,R,3.01
675,S,1.262,22,S,25.75,118,R,9.7
676,S,1.497,22,S,27.83,118,R,12.19
678,N,0.311,22,S,32.44,118,R,17
680,S,0.453,22,S,36.39,118,R,22.28
681,R,0.414,22,S,35.02,118,R,25.84
683,K,0.468,22,S,44.19,142,Q,27.36
697,Y,1.488,22,S,28.39,140,V,6.74
699,S,1.826,22,S,27.71,118,R,14.18
700,S,0.586,22,S,30.03,118,R,16
702,D,0.16,22,S,35.05,118,R,19.74
704,S,0.134,22,S,39.13,118,R,24.62
705,Q,1.36,22,S,40.9,118,R,27.95
707,Q,0.185,22,S,46.7,142,Q,28.58
721,N,0.818,22,S,30.37,140,V,13.47
723,K,0.137,22,S,26.89,41,S,16
724,Y,0.584,22,S,32.26,118,R,20.04
726,N,0.147,22,S,37.58,118,R,23.46
728,S,0.134,22,S,41.83,118,R,27.99
729,F,0.148,22,S,44.18,118,R,30.32
731,Q,0.359,22,S,49.36,142,Q,31.03
