X_Residue,X_AminoAcid,dn/ds,Closest_Y_Residue,Y_AminoAcid,Distance
70,S,0.164,4,S,20
72,Q,0.417,4,S,13.65
73,V,0.267,4,S,11.35
75,D,0.118,2,R,9.8
77,T,0.124,2,R,8.34
78,L,1.319,1,Q,9.96
80,S,0.662,1,Q,16.66
94,Q,0.418,4,S,16.93
96,S,0.305,4,S,10.8
97,E,0.636,4,S,8.36
99,T,0.637,2,R,7.88
101,Y,0.487,2,R,7.83
102,E,0.548,1,Q,9.84
104,S,0.304,2,R,16.89
118,N,0.111,4,S,14.79
120,Q,0.426,4,S,9.06
121,S,0.873,4,S,6.64
123,D,0.118,3,L,6.51
125,G,0.158,2,R,9.66
126,D,0.943,1,Q,11.28
128,S,0.745,10,N,17.88
142,S,0.192,4,S,13.81
144,L,1.106,4,S,8.99
145,A,1.488,3,L,6.6
147,G,0.702,3,L,7.19
149,I,0.69,10,N,8.76
150,F,0.428,10,N,10
152,N,0.241,10,N,16.24
166,N,0.33,4,S,14.24
168,Q,0.373,7,L,9.94
169,L,0.732,7,L,7.84
171,L,2.303,9,V,6.95
173,Y,0.302,10,N,6.98
174,G,2.222,10,N,8.49
176,K,0.713,10,N,15.18
190,S,0.748,7,L,14.29
192,Q,0.162,7,L,9.1
193,A,0.135,9,V,7.45
195,D,0.945,9,V,6.31
197,S,0.125,10,N,7.25
198,Q,0.368,10,N,8.82
200,Q,0.603,10,N,15.5
214,N,0.261,7,L,13.96
216,E,1.003,7,L,10.47
217,Y,0.301,9,V,7.82
219,L,2.124,10,N,7.58
221,F,0.561,12,A,7.9
222,E,0.546,12,A,9.85
224,S,0.447,12,A,16.48
238,Q,0.748,7,L,14.98
240,V,0.125,9,V,12.12
241,A,0.833,12,A,9.35
243,E,0.149,12,A,7.07
245,Y,0.855,15,D,8.71
246,T,2.334,15,D,9.54
248,Q,1.051,15,D,15.77
262,H,0.15,7,L,17.23
264,E,0.696,12,A,12.35
265,T,1.119,12,A,9.29
267,R,0.892,14,D,7.46
269,Y,0.424,15,D,6.93
270,K,0.864,15,D,8.32
272,K,0.603,15,D,15
286,S,0.41,14,D,16.82
288,T,0.176,14,D,11.07
289,H,0.448,14,D,7.71
291,G,0.194,14,D,6.74
293,S,0.445,15,D,7.15
294,E,0.609,15,D,8.68
296,E,0.384,15,D,15.41
310,S,0.192,14,D,15.9
312,E,0.725,14,D,10.82
313,V,0.496,14,D,7.74
315,T,0.177,15,D,6.83
317,H,0.118,17,A,7.18
318,S,0.427,18,A,9.26
320,K,0.157,17,A,15.87
334,N,0.111,14,D,15.86
336,T,0.279,14,D,12.05
337,Q,1.935,17,A,8.92
339,S,0.674,17,A,6
341,S,0.379,18,A,7.59
342,F,2.192,21,A,8.83
344,F,0.337,21,A,14.58
358,N,0.488,14,D,17.35
360,K,0.951,19,Y,11.89
361,N,0.149,19,Y,8.42
363,T,0.178,19,Y,6.07
365,N,1.783,21,A,5.74
366,N,2.043,21,A,6.86
368,L,0.302,21,A,13.56
382,H,0.118,19,Y,16.12
384,L,0.652,19,Y,10.62
385,V,0.614,19,Y,7.33
387,G,0.499,19,Y,6.01
389,S,1.277,21,A,5.93
390,R,2.384,21,A,7.17
392,R,0.556,21,A,14.05
406,N,0.111,19,Y,15.69
408,T,0.287,19,Y,11.18
409,F,2.058,19,Y,8.3
411,S,2.173,20,A,7.54
413,S,0.807,21,A,8.29
414,Y,0.863,21,A,9.33
416,K,0.137,21,A,15.74
430,N,0.583,19,Y,16.36
432,R,0.785,20,A,12.58
433,I,0.27,20,A,9.77
435,D,0.443,20,A,9.62
437,T,0.783,21,A,11.41
438,Q,2.321,21,A,12.65
440,F,0.68,21,A,18.46
454,N,0.575,20,A,17.94
456,Q,2.04,20,A,14.13
457,I,0.443,20,A,12.05
459,R,2.379,20,A,12.58
461,H,0.701,21,A,15.35
462,S,0.559,21,A,16.13
464,S,0.682,21,A,21.55
478,K,0.352,20,A,19.25
480,F,0.821,20,A,16.66
481,S,1.013,20,A,14.96
483,S,0.429,20,A,16.04
485,G,0.347,21,A,18.97
486,Q,2.349,21,A,19.67
488,S,0.278,21,A,25.13
502,L,0.737,20,A,21.49
504,Q,0.161,20,A,19.15
505,G,0.217,20,A,17.96
507,Y,0.788,22,S,19.42
509,N,0.243,22,S,22.07
510,D,0.364,22,S,23.16
512,D,0.662,21,A,28.74
526,Q,0.185,20,A,23.96
528,N,1.184,22,S,21.72
529,E,0.587,22,S,20.34
531,G,1.9,22,S,21.64
533,Q,0.774,22,S,24.86
534,N,1.047,22,S,26.26
536,K,0.402,22,S,32.15
550,Q,0.866,22,S,26.48
552,S,0.401,22,S,22.83
553,Y,0.144,22,S,21.81
555,N,0.561,22,S,24.24
557,H,0.606,22,S,27.44
558,G,0.603,22,S,29.19
560,M,0.113,22,S,35.12
574,Q,0.618,22,S,27.19
576,M,0.587,22,S,23.74
577,T,0.758,22,S,23.53
579,D,0.119,22,S,26.72
581,S,0.191,22,S,30.49
582,H,0.367,22,S,32.01
584,Y,0.465,22,S,37.92
600,M,0.113,22,S,27.47
602,L,0.711,22,S,23.06
603,Y,0.132,22,S,24.91
605,N,0.149,22,S,29.04
607,S,0.192,22,S,33
608,Y,0.425,22,S,34.81
610,F,0.338,22,S,40.66
624,M,0.319,22,S,28.39
626,Q,0.18,22,S,25.88
627,A,0.91,22,S,27.1
629,D,0.561,22,S,31.05
631,S,0.192,22,S,35.49
632,N,0.149,22,S,37.49
634,N,0.116,22,S,43.19
648,N,0.111,22,S,29.21
650,F,0.346,22,S,27.9
651,S,0.134,22,S,29.04
653,D,0.121,22,S,33.39
655,S,0.191,22,S,37.95
656,G,0.551,22,S,39.95
658,N,0.302,22,S,45.61
673,M,0.632,22,S,30.13
675,S,1.262,22,S,30.06
676,S,1.497,22,S,31.1
678,N,0.311,22,S,35.7
680,S,0.453,22,S,40.43
681,R,0.414,22,S,42.64
683,K,0.468,22,S,47.95
697,Y,1.488,22,S,31.85
699,S,1.826,22,S,31.96
700,S,0.586,22,S,33.2
702,D,0.16,22,S,38.11
704,S,0.134,22,S,43.04
705,Q,1.36,22,S,45.39
707,Q,0.185,22,S,50.42
721,N,0.818,22,S,33.61
723,K,0.137,22,S,34.06
724,Y,0.584,22,S,35.35
726,N,0.147,22,S,40.65
728,S,0.134,22,S,45.68
729,F,0.148,22,S,48.17
731,Q,0.359,22,S,53
